Soil_Type,Sunlight_Hours,Water_Frequency,Fertilizer_Type,Temperature,Humidity,Growth_Milestone
loam,5.192294089205035,bi-weekly,chemical,31.71960241024412,61.59186060848997,0
sandy,4.033132702741614,weekly,organic,28.91948412187396,52.42227609891599,1
loam,8.892768570729004,bi-weekly,none,23.1790588882854,44.66053858490323,0
loam,8.241144063085702,bi-weekly,none,18.46588640141692,46.4332272684958,0
sandy,8.374043008245923,bi-weekly,organic,18.12874085342172,63.62592280385192,0
sandy,8.627622080115675,bi-weekly,none,20.004857963291904,67.618726471884,0
loam,4.444267910404542,daily,organic,25.984533294122407,69.57895218629243,1
clay,6.150794371265635,daily,organic,29.291918454001248,69.48090713972769,0
loam,4.695214357150778,bi-weekly,none,28.203947534354626,34.56030515243452,1
loam,9.17862055525356,weekly,organic,20.598677938918858,54.72101523512907,1
loam,7.7397887609653475,daily,none,34.097305613263885,32.877938000832216,0
loam,5.985388149115895,bi-weekly,chemical,29.75793833391537,57.47644411618678,0
sandy,4.381350101716142,daily,organic,26.08708105022801,52.07652506866885,1
loam,5.865893930293973,daily,chemical,27.234414924687044,74.38520913791498,1
clay,5.951099932160482,weekly,none,23.3920012485558,47.54575062760394,1
sandy,8.377637070028385,bi-weekly,chemical,19.95461979002315,35.853350821380296,1
clay,7.8253448281312785,bi-weekly,chemical,22.119453573025236,37.1495841026418,0
clay,9.32327645545796,weekly,none,30.15692220928738,68.07553158587362,0
clay,6.833289550971696,weekly,chemical,15.287869772595116,60.91090316581305,1
clay,4.71756547562981,bi-weekly,chemical,17.321452810138325,35.05613380613951,1
sandy,8.27946872333797,bi-weekly,none,15.920052840435057,34.20534030574987,0
sandy,8.564710291701385,weekly,chemical,15.814576046379402,65.048456572956,1
clay,7.367663185416977,daily,none,32.10921168022014,33.638150318209675,0
clay,8.625803079727365,daily,chemical,29.073157187600472,71.09300296451781,1
sandy,6.9627735781863445,weekly,none,24.483476581746505,65.31211135782482,1
sandy,7.136396976291964,daily,none,16.95668321302003,34.06743903209499,0
sandy,6.565246110151298,weekly,chemical,24.832317502336647,34.241885704259595,0
loam,4.152514760464571,daily,chemical,24.469435415611315,79.33197892505876,0
loam,4.647348561959827,daily,chemical,18.464037398200304,48.71353978780601,1
loam,4.188575114120406,bi-weekly,organic,23.67703298475946,48.53210735334454,1
clay,7.818462467582682,bi-weekly,organic,22.97009468794747,70.63997836287513,0
loam,5.88613588645796,daily,organic,27.31700196104433,77.36242886919294,0
clay,7.051424146988216,daily,none,27.701873017352877,79.30005319114355,0
clay,9.445398843556555,bi-weekly,chemical,15.90608019544089,67.66890926294708,0
loam,5.495753374893249,bi-weekly,none,22.492252292529425,48.81297927654579,1
clay,6.462297538213779,bi-weekly,organic,27.517198314284727,34.17503583493344,1
loam,8.533306831258292,weekly,chemical,25.062725171601755,68.85734579637185,0
loam,5.372788992949735,daily,none,32.12979682376644,57.92021248679025,1
sandy,4.461879458972758,bi-weekly,chemical,28.173872632378902,51.21110046234881,0
loam,5.738508717482608,daily,none,18.258688541628597,75.3177192547368,1
sandy,4.9673277235240265,weekly,chemical,16.411374948008596,35.559874115307565,1
loam,9.57818591405544,weekly,organic,27.84838556412631,54.63125521454296,1
loam,8.848722277386502,bi-weekly,organic,15.530226210832437,30.567682238370956,1
sandy,7.800422539062541,weekly,chemical,26.715511625469265,53.43303209970631,1
sandy,9.228763541126304,daily,none,33.80460482849915,32.815163784091865,0
loam,8.822032461394688,bi-weekly,organic,26.50948355751758,35.9408958134036,1
clay,5.119420353316215,daily,organic,22.76339852413044,35.87631233885524,1
sandy,9.355353990939866,daily,organic,27.865764368847064,62.460515105803175,1
clay,7.236053451493904,weekly,chemical,24.165057809830333,67.30224396327117,0
clay,8.844640930984376,weekly,chemical,25.9123357863187,59.16843825485798,0
clay,9.376547799540958,weekly,none,33.8292961755305,78.10862742372709,0
sandy,5.908020849831184,weekly,none,22.722052756015486,48.7435289761852,1
clay,4.66031154716606,weekly,none,34.22381127647829,44.28560431409304,0
sandy,5.36761097525165,bi-weekly,chemical,33.107012839121275,73.42995640947302,0
clay,6.562646731757538,daily,chemical,18.915822695785927,41.17979192597263,0
loam,8.90808859553496,daily,none,16.38722601750331,78.16112697203056,0
loam,9.164383499538062,daily,none,17.01556002754853,30.60772373449082,1
sandy,4.041712783187144,daily,chemical,15.364436513030997,78.49394133538195,0
loam,7.064483815465394,weekly,none,16.88885921511857,32.1579955975288,0
loam,6.504466018892674,daily,organic,28.660135468327137,74.55715568490356,1
clay,5.332646862824381,bi-weekly,chemical,16.42377296920458,56.385055454314994,1
sandy,4.719192204002097,bi-weekly,none,21.379512605875227,79.64823980596502,0
clay,6.025691028421768,daily,chemical,31.89750621938909,33.68982823676994,0
clay,9.657458223475114,daily,organic,15.465438714716518,57.69271422006604,0
clay,5.939217592124532,bi-weekly,chemical,31.28936965177872,78.46512678095495,0
clay,7.112743730460196,bi-weekly,chemical,20.637095495468,56.15489220850744,1
clay,8.218113753371068,weekly,chemical,17.363296552433127,61.46993190676312,1
clay,6.181777614275764,bi-weekly,chemical,28.93474330728301,64.78743444923086,1
clay,9.830692496325764,weekly,organic,27.57885693559768,52.72705323838866,0
sandy,9.774683769652668,weekly,chemical,32.549440270541055,61.37790400420317,1
loam,5.510693774952185,weekly,chemical,29.70142087607772,59.21571559615501,0
clay,6.983491035354312,weekly,none,31.06961860769697,75.05790052454944,1
clay,5.805269858900618,weekly,chemical,20.64069145142613,32.272319017072896,1
clay,5.709042966264805,daily,none,18.548790875594456,44.04815947961151,1
clay,4.221321684127197,bi-weekly,organic,30.012295032817168,77.52057420382793,1
clay,7.657386003879381,weekly,organic,31.13669478534528,74.51318919454582,0
clay,7.016074139373169,bi-weekly,organic,34.81010284001347,52.782837639285646,0
loam,4.308872507499936,bi-weekly,organic,23.25235353822853,61.00662989007684,1
loam,5.671878785419668,weekly,none,22.440361715855666,43.86905914905663,1
clay,9.449595315799922,daily,chemical,30.52825921483993,39.40605798618807,1
loam,5.437371344001835,weekly,organic,21.81607080506036,53.18492024699911,1
sandy,4.8693692325473386,daily,chemical,33.61514651207129,47.66761140130264,1
clay,6.936716561665378,bi-weekly,none,32.16825503686024,59.1828055925436,0
sandy,9.913902724663604,daily,none,23.57988054750037,33.88673184824924,1
sandy,5.452331629069002,daily,none,30.017421355829946,78.71974038330833,0
clay,8.03281328443527,daily,organic,30.090857481693646,79.31053722398013,0
loam,8.569717691972306,bi-weekly,chemical,17.062477376718654,64.90808570098726,1
sandy,5.425825263954398,bi-weekly,chemical,33.05105813359133,56.80481831720602,1
clay,8.369298091671158,daily,chemical,25.105047448957144,45.47638081431639,0
sandy,6.20669879631552,daily,none,31.529149322154836,70.68975098534743,1
sandy,7.793834983561477,weekly,organic,21.40099202061224,64.23655862769397,1
sandy,7.801178264565368,daily,none,32.91046456992401,38.130846967244565,0
sandy,7.214648104448551,weekly,none,22.784033574683264,75.54635922469213,0
loam,4.54173862032645,daily,chemical,15.216753029605968,71.12686214615846,1
sandy,9.011814973535428,weekly,none,33.10763952838528,77.4899956645962,0
sandy,5.924680389830416,bi-weekly,chemical,16.82573353572267,66.28597541941801,0
sandy,5.119111062399125,daily,organic,21.3862727518083,60.6707597967895,1
loam,4.244650849328584,daily,chemical,34.0012393410161,50.912151814530944,0
sandy,7.545357659129451,daily,organic,34.012142938751126,76.63642416770065,0
sandy,8.065386171053694,daily,chemical,26.46875776246572,73.30319447502042,0
sandy,8.0,daily,organic,25.0,60.0,1
clay,5.0,weekly,chemical,20.0,70.0,0
loam,6.0,bi-weekly,none,22.0,55.0,1
loam,7.0,daily,organic,30.0,50.0,0
clay,6.812,weekly,organic,26.5,65.2,1
sandy,7.445,daily,chemical,18.3,48.7,0
loam,5.229,bi-weekly,organic,24.7,52.1,1
sandy,8.318,weekly,none,20.1,62.5,0
clay,6.134,daily,none,27.4,70.3,1
loam,4.789,bi-weekly,chemical,31.6,68.9,0
sandy,7.019,daily,organic,22.5,55.4,1
clay,5.932,weekly,chemical,17.8,46.2,0
loam,8.442,bi-weekly,none,19.3,54.1,1
sandy,6.356,daily,none,30.8,63.7,0
clay,9.128,weekly,organic,15.7,40.6,0
loam,4.546,daily,chemical,29.1,71.2,1
sandy,7.627,bi-weekly,organic,23.9,69.8,0
clay,8.443,daily,none,27.6,49.3,1
loam,5.689,weekly,chemical,20.8,57.5,0
sandy,4.118,bi-weekly,none,31.2,50.4,1
clay,6.917,daily,organic,18.9,67.1,0
loam,7.456,bi-weekly,none,24.6,55.9,1
sandy,8.902,daily,chemical,15.2,43.7,0
clay,5.667,weekly,organic,30.3,73.6,1
loam,9.121,bi-weekly,none,26.1,61.9,0
sandy,4.753,daily,chemical,18.7,47.4,1
clay,7.318,weekly,none,22.3,68.5,0
loam,5.589,daily,organic,31.9,52.3,1
sandy,8.556,bi-weekly,chemical,19.6,60.7,0
clay,6.127,daily,none,25.7,70.9,1
loam,4.372,weekly,organic,27.2,55.2,0
sandy,7.245,daily,none,30.4,63.4,1
clay,9.872,bi-weekly,chemical,17.1,49.7,0
loam,5.477,daily,organic,22.8,71.5,1
sandy,4.649,weekly,none,28.5,55.1,0
clay,8.512,bi-weekly,chemical,21.4,69.3,1
loam,6.832,daily,none,31.7,47.8,0
sandy,5.612,weekly,organic,19.2,61.6,1
clay,7.428,daily,none,26.9,68.2,0
loam,4.918,bi-weekly,chemical,24.3,54.9,1
sandy,8.745,weekly,none,20.6,70.5,0
clay,6.217,daily,organic,28.9,56.7,1
loam,7.134,bi-weekly,none,31.0,52.6,0
sandy,5.489,daily,chemical,18.1,69.4,1
clay,8.317,weekly,none,27.5,60.3,0
loam,6.762,daily,organic,22.9,46.5,1
sandy,4.813,bi-weekly,chemical,30.0,71.8,0
clay,7.856,weekly,none,26.2,48.1,1
loam,5.334,daily,organic,17.6,57.7,0
sandy,9.104,bi-weekly,chemical,28.2,62.1,1
clay,6.698,daily,none,21.5,69.6,0
loam,8.019,weekly,organic,27.3,55.3,1
sandy,5.163,daily,none,31.5,50.8,0
clay,7.512,bi-weekly,chemical,19.0,61.2,1
loam,4.776,weekly,none,24.8,70.7,0
sandy,8.239,daily,organic,30.7,68.3,1
clay,6.658,bi-weekly,none,27.8,54.6,0
loam,7.093,weekly,chemical,20.4,70.0,1
sandy,5.451,daily,none,31.3,46.1,0
clay,8.991,bi-weekly,organic,27.9,57.2,1
loam,6.348,weekly,none,22.6,63.1,0
sandy,4.917,daily,chemical,28.7,54.5,1
clay,7.392,bi-weekly,none,31.1,68.6,0
loam,9.043,weekly,organic,26.4,70.1,1
sandy,5.789,daily,none,20.2,55.0,0
clay,6.917,weekly,chemical,18.6,61.4,1
loam,8.263,bi-weekly,none,30.6,47.5,0
sandy,5.124,daily,organic,27.1,62.3,1
clay,7.528,weekly,none,22.0,70.4,0
loam,4.932,bi-weekly,chemical,31.4,54.0,1
sandy,8.721,daily,none,24.1,55.6,0
clay,6.341,weekly,organic,30.9,69.1,1
loam,5.813,bi-weekly,none,26.0,60.2,0
sandy,7.491,daily,chemical,28.4,54.3,1
clay,9.263,weekly,none,22.4,69.2,0
loam,4.568,bi-weekly,organic,30.1,48.0,1
sandy,6.817,daily,none,26.3,61.1,0
clay,7.945,weekly,chemical,27.0,57.6,1
loam,8.012,bi-weekly,none,20.9,55.8,0
sandy,5.233,daily,organic,31.8,47.9,1
clay,6.456,weekly,none,24.9,70.8,0
loam,7.289,bi-weekly,chemical,28.6,60.9,1
sandy,4.671,daily,none,18.4,61.5,0
clay,8.846,weekly,organic,27.7,56.8,1
loam,5.922,bi-weekly,none,26.8,70.6,0
sandy,7.321,daily,chemical,20.3,47.3,1
clay,9.034,weekly,none,31.7,61.0,0
loam,6.127,bi-weekly,organic,22.1,55.7,1
sandy,5.652,daily,none,28.0,70.2,0
clay,7.528,weekly,chemical,30.5,60.1,1
loam,4.934,bi-weekly,none,24.5,61.7,0
sandy,8.273,daily,organic,27.9,69.5,1
clay,6.732,weekly,none,21.7,56.9,0
clay,4.481402473969853,weekly,none,28.70887766443803,56.895353731668145,1
loam,7.147068337421528,weekly,none,21.64912314297424,63.04258738193142,0
clay,6.462380961937969,weekly,organic,16.13171312293431,56.92368523644868,1
clay,9.894271701451638,bi-weekly,none,22.47842094025627,62.97401788997398,1
loam,4.672233413008314,bi-weekly,chemical,33.88897165388607,45.879686488298965,1
loam,6.38713359427445,weekly,organic,27.83468794597116,36.25267882835443,1
clay,9.816822599652212,daily,chemical,28.42958297334414,59.51803789590369,1
sandy,9.193042755363882,bi-weekly,organic,27.645643072752797,44.41898020566215,0
clay,8.902432425695679,daily,none,18.979842779188736,56.8508330091653,1
clay,5.547416962269639,bi-weekly,organic,23.3666772820456,40.82575767927062,1
clay,5.025325524340395,weekly,organic,30.018795967266364,33.24918539226691,0
clay,8.011859319546586,bi-weekly,chemical,17.027457951063184,69.70327181951053,1
loam,9.576255934765515,weekly,chemical,20.557055521794247,36.248060317223974,1
clay,7.3405773580835785,bi-weekly,organic,20.526382169317074,69.53683975853924,0
sandy,7.429676136819399,weekly,none,23.64037855189012,69.09119730265789,0
loam,5.6798745619617055,weekly,none,34.6073748188437,61.752724156321584,0
sandy,8.616957599151622,weekly,chemical,16.35005093367644,56.3769184832799,1
sandy,5.12226249134514,weekly,none,25.3740198876119,53.11228201004339,0
sandy,5.942075418425462,daily,chemical,18.58729364024421,64.64406181511339,0
sandy,6.5526186316985005,weekly,none,34.413530908194886,41.57758086477952,0
loam,7.04566227210673,daily,organic,17.266070094549285,48.70724849939508,1
loam,5.454458394490482,daily,chemical,23.072020047231824,54.775598774660075,0
sandy,4.689020948435221,weekly,chemical,29.75769969669212,46.44761903477964,1
sandy,7.663720254649796,daily,organic,29.091088560548904,47.09945816361072,1
loam,5.731783319441535,bi-weekly,chemical,23.454572737878646,43.21138670008338,0
loam,7.487429328535674,weekly,none,21.930483359054364,52.56927266738144,1
loam,4.926176291645214,daily,none,22.952247571057413,64.02298112060464,1
clay,6.886840611128905,weekly,chemical,20.285525263172786,38.061135120252516,0
clay,7.195536595309515,weekly,none,19.106658774135994,67.37732155013765,1
clay,4.310941220934561,weekly,chemical,24.6607939511778,57.56350614992918,0
sandy,6.019625669163523,daily,organic,20.370675121352146,62.93092850720121,1
clay,4.8064880616338455,bi-weekly,chemical,20.749233297945004,52.247627705200465,1
sandy,4.380249822836607,bi-weekly,organic,28.13512126949114,61.18066805696254,0
sandy,9.939761394339671,daily,none,34.37074663399784,30.648015893578687,0
clay,5.934123069848338,weekly,organic,27.072744011187503,62.73521699118141,1
sandy,8.85924667512781,daily,none,16.539589341299326,31.60555436341466,1
clay,5.527843928582583,daily,chemical,16.511672277081338,65.5965350545145,0
clay,8.089016333343576,daily,none,34.02846441691132,69.67850988954572,1
loam,8.561367159338118,weekly,chemical,20.945815806146673,41.76269848707111,1
clay,7.573832443647065,daily,chemical,16.841339721649508,38.412742251431744,1
loam,6.82945713130095,weekly,organic,26.980891743007632,60.61453455432163,1
clay,6.471045484883611,daily,organic,27.47297556580532,40.12105363681013,0
clay,6.093209599257972,bi-weekly,organic,27.970096402373763,64.62249532688814,0
loam,9.577174865486956,daily,organic,20.348040557150824,34.11370368629907,0
loam,8.983716446726374,daily,none,15.302213684289502,35.03820785517433,0
clay,9.790161463999075,bi-weekly,none,34.30030738908944,69.16606220402463,0
sandy,4.745783340913269,weekly,none,20.017860913822048,56.953555930800185,0
loam,8.385204851221864,weekly,chemical,28.520525761050948,63.87548897715811,1
sandy,9.630042740926227,daily,none,29.13259739757419,42.97317509406072,0
sandy,5.087398396993961,bi-weekly,none,27.200148341589713,57.05934998082418,1
sandy,4.398977604200665,weekly,none,21.258147884272965,53.769673092343886,1
loam,8.446723895740355,daily,organic,20.421925075281315,54.12600480491788,1
sandy,7.446838679079471,bi-weekly,none,26.95336565405406,57.301298381508865,0
loam,9.050972660549633,weekly,chemical,32.32191267223383,53.01436692516394,1
sandy,4.838634259757737,weekly,organic,33.93467457846791,47.16249477210664,0
clay,8.771603871159341,bi-weekly,chemical,17.11811608807515,41.03690777522188,1
clay,5.209763920286467,bi-weekly,none,18.0965722519544,60.743253236528076,1
loam,4.981935657194227,bi-weekly,organic,33.89472517566159,39.05089720012745,0
clay,4.985594787585958,bi-weekly,chemical,29.730704566695852,57.694172246176564,1
clay,8.887448321388293,daily,none,32.65987649659546,39.33331290597307,1
sandy,7.991183324177201,bi-weekly,chemical,19.052652682706864,55.01320679817816,1
loam,7.138392548614716,weekly,chemical,26.751717422188037,59.883130685161156,1
sandy,6.152982904741015,weekly,chemical,29.022791888349474,38.748555556261564,0
sandy,9.26320324487865,daily,none,28.602237708939455,32.39773203445233,1
sandy,6.354670644535812,weekly,none,23.16303381733396,35.238949719766964,1
sandy,8.899596636829463,weekly,chemical,15.30789783382617,54.23987869084102,0
sandy,6.634809451421311,bi-weekly,organic,26.658521136085263,63.97785624902942,1
sandy,6.2616665765494455,weekly,organic,20.062030783592174,31.799872849416975,1
sandy,6.776078714017639,daily,none,24.005084922857804,59.36605036166585,1
loam,5.808267244984853,bi-weekly,none,34.151620301676346,43.65274583800208,1
clay,8.485656281057507,bi-weekly,none,22.980706352848692,49.141134796780904,0
sandy,7.016322340554875,daily,none,31.796032133288534,67.15438199382262,1
sandy,5.393276170880904,bi-weekly,none,18.770812114985024,43.278860189433814,0
sandy,9.397447439647411,bi-weekly,organic,28.449209960500575,48.61347735757944,1
sandy,6.303347328239268,daily,none,34.54013908877887,30.547296590427244,1
sandy,7.261317166683932,bi-weekly,chemical,17.037862017458735,33.26394880019353,1
sandy,9.438832665787281,daily,chemical,15.16639884454384,40.34366364539136,0
clay,7.745427975483953,daily,organic,23.671655852652286,31.114089632842976,1
clay,4.701388244250184,weekly,chemical,16.852509661027344,55.25501304193004,1
sandy,9.638992741680852,weekly,organic,29.967686993524627,47.0559342720649,0
clay,7.766248318428508,bi-weekly,organic,33.29097327697118,51.92580810912088,0
loam,6.009433687942517,bi-weekly,chemical,23.680419454175176,36.98588743585318,0
sandy,4.835632435980323,daily,none,20.17423284310882,41.83728117746465,0
loam,8.764151135621777,bi-weekly,chemical,23.688066380132195,56.552978994109004,1
loam,7.720436535571081,daily,chemical,29.46895635700002,68.612108945216,1
sandy,7.200766551857929,daily,organic,15.18108323160742,32.01667094408837,1
clay,9.363355498305745,bi-weekly,chemical,26.789079789693943,65.61537283421065,1
loam,8.731583267347185,daily,organic,27.26583369774758,53.07524805244834,0
sandy,4.910049278396507,weekly,none,27.75376493791871,52.55678267022495,1
loam,5.870332406773289,bi-weekly,none,19.840441599617545,50.011141408310415,1
loam,5.490934838886794,weekly,none,29.281054467562534,32.77576343616734,1
loam,8.463677755436063,bi-weekly,chemical,16.827829726635528,33.595074069446426,1
loam,4.201194608414676,daily,organic,18.985406729336017,54.036480226363445,0
clay,7.419338109227899,bi-weekly,none,32.54940093308964,43.63834285742233,1
loam,8.574752114444143,weekly,organic,29.774463014531328,66.69072266310722,1
loam,9.260593820570497,daily,organic,15.274911080226905,46.26362149437889,1
loam,6.052490492295445,bi-weekly,none,19.967525207396005,35.73125834810564,0
clay,8.927543828032077,bi-weekly,none,19.28812965986329,58.58875334008144,0
loam,4.663790421731243,bi-weekly,organic,20.41612656073945,41.734136857640394,1
loam,9.07871375040711,weekly,none,19.95119540559773,51.01881229423573,1
clay,4.764931973991894,weekly,organic,16.250525914856915,57.9133114202068,1
clay,6.383723743362204,bi-weekly,organic,24.178810331936408,66.01056444808282,0
clay,8.783772194677322,daily,none,29.654669495723304,61.68764779206704,1
loam,4.899504564092643,daily,chemical,27.134634494348727,57.054442714908966,1
clay,5.375508371395849,weekly,none,28.457433371961596,57.18532729580574,1
clay,8.333515410358398,daily,chemical,16.622983570724784,67.83698576128346,0
loam,8.320219219276446,weekly,organic,34.02981420353574,41.83296389986144,1
clay,7.846885797311784,bi-weekly,organic,31.769836676860496,30.044483767847495,1
loam,8.1636906668026,weekly,chemical,31.101806369913255,40.87818237592795,0
sandy,7.256346660085577,weekly,organic,31.45967610083535,38.715655185069764,0
clay,5.5107943534417165,bi-weekly,chemical,33.654210162655225,56.473383404559925,1
sandy,6.074175961023517,daily,chemical,25.885079322273953,55.34846399062116,0
loam,5.089586300808554,weekly,organic,19.00564035735252,53.73845530818895,1
clay,9.45070336800177,weekly,chemical,27.335672157050823,30.64973772837815,0
loam,7.500350768596723,bi-weekly,none,29.857629873358782,59.1511221780259,0
sandy,6.405108500581839,daily,none,29.75834786708051,42.94121649941966,1
loam,6.772034821864796,weekly,organic,25.428980483337604,56.60223956026525,1
clay,9.683700037670892,bi-weekly,organic,16.36917438667156,52.26313714008613,1
clay,4.920108418696481,weekly,chemical,22.422258768602557,43.70923701711629,0
sandy,7.517378992100784,bi-weekly,chemical,33.415332169267145,35.38305068416431,1
loam,7.035332073306796,daily,chemical,26.688978195148522,33.77675590641924,1
clay,7.668725412607887,daily,chemical,25.766638865114267,63.26073332448894,1
sandy,4.108661102925043,daily,none,20.37707028764387,66.73590168326231,1
clay,9.23274345366491,daily,none,22.368978398331578,55.99152187057199,1
clay,9.592709694901675,weekly,organic,32.90692178306338,34.13736459441934,0
loam,7.390799101535253,weekly,chemical,28.329260950536714,46.08108867552963,1
clay,8.179904943261354,daily,chemical,30.747740535046656,59.15756800420629,1
loam,9.534996287063773,daily,organic,24.086908461353104,61.192835360402725,0
clay,8.243431805880391,daily,chemical,27.60494438912316,34.728744891643544,1
sandy,4.915234257485568,weekly,chemical,19.96767217486415,30.001228753815298,1
clay,7.457730161000879,daily,chemical,29.109216605669726,58.4854818352242,1
loam,7.640290278297135,daily,chemical,23.552026674066745,44.26384703944822,1
loam,6.544784027814316,daily,chemical,23.850910296294913,40.179253264730406,1
sandy,8.418665413748336,bi-weekly,organic,27.986446491537635,30.515898791581016,0
clay,9.60620208861409,daily,chemical,33.72561242937853,51.61197627045999,0
clay,9.553411077440657,bi-weekly,organic,16.28012693217242,64.04602941703928,0
sandy,6.705036228424793,bi-weekly,chemical,31.494864746940152,68.30526585090351,1
clay,4.679428275044532,daily,none,20.84766220824386,52.62979802453157,0
clay,9.909047193774008,bi-weekly,none,23.878389090127556,50.57845310959577,1
loam,9.033388518675604,daily,none,15.43826657550018,33.40225541956964,1
clay,4.747976087219601,weekly,none,21.02092155668626,51.95491206170399,1
clay,9.525051295704234,weekly,organic,25.05262485260261,45.19916315861579,0
sandy,9.21937817237277,weekly,organic,16.12352154694878,54.285411235343076,0
sandy,7.113028342756433,weekly,chemical,24.8219145876633,45.54905391506187,0
loam,7.547652614469575,bi-weekly,none,33.54221257716854,39.611964938014665,1
clay,6.394016223220781,daily,organic,17.107864362156104,33.79861100913506,0
clay,4.328569832932188,daily,chemical,30.288814561510087,42.59673778355583,1
clay,6.011183449875405,daily,chemical,23.193421067519854,33.865793371510094,0
loam,8.81712069158807,weekly,organic,28.10347429048676,37.07587803295936,0
loam,4.027792138027618,weekly,none,20.20473195970459,69.49344634318183,1
sandy,6.000995030146865,daily,chemical,18.189845250827165,47.76414227626475,1
loam,6.38901216154566,weekly,none,18.20925228542453,51.27487066020066,0
clay,7.2243736176275375,daily,none,16.40983891286289,64.9447411494886,0
clay,9.519133698476562,daily,none,18.71293409802486,69.82275601962752,0
loam,6.078075966195767,daily,chemical,28.284387699779366,53.308577973787266,1
clay,6.081719211377366,daily,none,32.633812236870156,62.498952841766865,1
clay,8.42500748865849,daily,chemical,31.282513711823235,43.07764097346701,0
loam,6.713307645338843,daily,none,28.702686197489683,42.22975829789164,0
loam,5.347628937639891,daily,chemical,17.208637268222052,46.10814883978241,1
clay,6.71463709679616,weekly,none,20.783748925918996,56.900290506945964,0
clay,4.8451421222788,daily,organic,21.19613750644938,57.28766757020395,1
clay,5.05832191903734,daily,none,19.999138927952423,42.60957738597803,1
sandy,6.990206636436879,weekly,none,25.300113194194463,35.328396965465146,1
sandy,6.513552697027287,weekly,chemical,25.71107629759345,55.29585025862034,1
sandy,9.4890754064086,weekly,chemical,22.137719503422204,35.13303448755058,1
loam,6.174363394699799,daily,none,22.07578317472872,53.1397003291732,1
sandy,7.4835301016682605,bi-weekly,organic,31.571111958121627,57.73688512225236,0
loam,7.793585727517183,bi-weekly,organic,30.785856966393712,58.02445985577806,1
loam,4.078566739530002,weekly,chemical,21.155916633614915,60.13888442638387,1
sandy,7.9812242321002635,bi-weekly,organic,33.27576887746518,64.91437686262658,0
sandy,5.068215801218509,weekly,none,34.05630034005012,49.99835967859154,1
sandy,9.766421904816731,daily,chemical,21.534850840600818,59.20996758118285,0
clay,4.891976366518678,bi-weekly,none,22.088498975861096,54.76690941463347,1
sandy,6.487744742362143,daily,chemical,25.112683068439175,37.465597591907304,0
clay,4.512098008471863,bi-weekly,chemical,33.82241625067347,31.02758579477633,0
loam,9.981245511075684,daily,chemical,32.52638866284623,41.38165542707735,1
clay,7.013170061987456,bi-weekly,chemical,17.051359251671798,47.72134825350477,1
sandy,7.5723101039202625,daily,organic,22.854614865428324,54.68423777714625,1
loam,4.402458864330565,daily,none,26.067423794995435,63.998373220128215,1
loam,8.499762822395066,bi-weekly,none,25.0626494510308,37.84982866824662,0
loam,5.259433558573514,daily,none,18.877261358737854,35.021991595939085,0
clay,9.388325736644283,daily,chemical,32.17633542336309,68.5391978989731,0
sandy,5.2308378428920435,daily,organic,28.538815659936745,34.32178237505629,1
loam,5.144126323981999,bi-weekly,none,31.758167497036073,49.13964280428757,0
loam,4.219298007088569,bi-weekly,organic,32.175285586989446,53.42254915173207,1
loam,6.832401670659996,daily,chemical,29.967117073314796,51.65497683629753,1
clay,7.3890467995756985,daily,none,23.784212024994346,33.44128628131773,0
clay,4.394251836570114,bi-weekly,organic,27.21093510030849,32.281076560144776,1
sandy,8.653165700170064,bi-weekly,chemical,18.207308122394863,34.21933709844143,0
clay,6.7197330084881655,daily,organic,28.472908349498155,53.4235073549045,1
loam,7.14634161596548,daily,none,18.585065114785614,51.773795505372846,0
sandy,6.644576481629369,daily,none,28.878991810203136,39.34963168146977,1
loam,6.404578365251956,weekly,chemical,19.591963215079375,55.51096567382366,0
loam,7.357841987849307,bi-weekly,chemical,17.3510260030044,62.802700082225975,0
clay,4.9314414755842755,weekly,chemical,18.30568980285915,31.66315839386375,1
sandy,5.091568782971627,bi-weekly,organic,15.039842704381405,49.92519774192169,1
clay,9.170713726081104,bi-weekly,organic,29.374792357070604,57.57241648410761,0
clay,9.676692772801797,bi-weekly,organic,29.648020981167583,40.09247708278748,1
sandy,6.239855897678518,bi-weekly,chemical,25.29866699826519,42.31083621172596,1
loam,5.624468038861322,bi-weekly,none,18.227256021107674,54.54551611957535,1
loam,7.863997259434095,bi-weekly,none,16.671086750213796,65.91741173774948,0
sandy,6.452405026588578,bi-weekly,organic,15.38257932874574,62.39697681211597,0
loam,4.152318133962069,weekly,organic,18.314963539304415,53.32520876398334,1
sandy,4.936915584197142,daily,none,32.81711069966293,59.20886871028997,1
sandy,8.295833373084385,daily,none,19.830736834033637,44.59289880831194,0
clay,7.953543651460908,weekly,organic,22.085426544344315,55.63862112395031,1
sandy,4.162575955020901,weekly,organic,17.106909689626665,48.64726364510228,0
clay,5.331832971597697,weekly,none,19.447226094963405,37.59744545830244,1
loam,5.386448779528428,weekly,chemical,25.384491415604103,58.069530955090286,1
loam,8.03135646159237,bi-weekly,organic,27.15505366191305,52.25858549395288,1
loam,4.118263226526185,daily,none,19.90704628332422,44.344863278143656,0
loam,4.624651491907443,bi-weekly,none,16.154643184502344,66.45356760314523,0
clay,8.799496512239136,daily,none,22.82065738254797,30.83736471306933,0
loam,5.071267972326002,daily,none,19.68406741852668,42.63092604997984,0
sandy,7.916476647111248,weekly,chemical,19.39107846459604,32.27525591110586,1
sandy,5.429096686280359,bi-weekly,none,34.197256054269104,60.661092648865086,1
sandy,4.596648356556071,weekly,organic,27.32600971851448,58.084298164551704,0
clay,5.459033145996725,bi-weekly,chemical,26.137568863441917,43.25408874945268,1
loam,8.333601591133956,daily,none,23.315502070466437,57.02651608828292,1
loam,9.134178808637714,weekly,chemical,23.578886668602884,45.83748904783799,0
loam,8.98131918740195,weekly,organic,25.818100076761617,60.25015165689737,1
clay,6.383101177710729,daily,none,28.928596140722146,48.167346509468246,1
sandy,8.008510819423877,daily,organic,29.04292192363659,46.49118911326662,0
sandy,5.229905772494925,daily,none,18.433878154108992,67.38919661953204,1
loam,5.75888638156608,weekly,none,25.00225504153254,40.03516399562801,1
sandy,9.37801491112672,bi-weekly,none,23.23916190068204,34.817893599862614,1
sandy,4.078011541064416,weekly,none,32.41053932538769,53.38172453037833,0
clay,4.513051185126809,bi-weekly,none,27.628378424367526,68.77287249136715,0
clay,5.247317530876164,weekly,chemical,25.650081328319636,45.11356854908747,1
clay,4.1591932232429185,weekly,none,17.307892843578347,32.48147054515126,1
clay,5.088612610538783,daily,none,27.11275778646823,43.5722106923827,1
loam,7.498249365818153,bi-weekly,chemical,17.344078113604667,50.23726617278234,0
clay,6.528547303554988,weekly,chemical,21.74413151131504,36.47692026528855,0
sandy,9.356030266461849,weekly,chemical,17.856839296286637,56.32408872225968,0
loam,8.904661370430645,daily,chemical,28.841472940487378,69.90997556040801,1
sandy,6.050904110187256,daily,chemical,19.12504227672305,48.06957903925775,1
sandy,5.556540600587755,bi-weekly,chemical,22.83718746376052,44.1891422692085,1
sandy,6.278154449003601,weekly,none,32.91349555237557,46.028166673378664,1
clay,7.541769655088847,bi-weekly,none,19.086327667979404,34.60584713580805,1
clay,5.6083818449372576,weekly,organic,25.15610127917558,65.33094405704895,0
loam,7.744893447094804,bi-weekly,none,23.38543322332044,46.59302622085408,1
loam,6.456469913147442,daily,none,15.362480820914595,45.49097645699365,1
clay,7.312283085111881,weekly,chemical,30.855162271456255,56.38761091721897,1
sandy,6.6167591748119,bi-weekly,chemical,16.380918126291995,47.68133683724494,0
loam,5.766794557251506,daily,none,24.485100419539073,55.92933875231384,1
clay,9.690719841772939,daily,organic,26.213565898779,32.4578516052315,0
clay,8.581634764958565,bi-weekly,chemical,27.568529132291744,62.5489337488891,0
clay,4.8406790545987155,weekly,none,28.772632586157513,67.62015811517611,0
sandy,9.210807855387477,weekly,none,20.0654476704543,55.95061544637544,0
clay,6.924587189497082,daily,organic,15.199575533168987,68.18263715435242,0
clay,9.367313361364548,weekly,organic,29.468873247098237,36.05729257479853,1
clay,8.799131535683891,weekly,chemical,25.713131986951574,49.09664757921415,1
clay,6.551281026815401,weekly,organic,31.722354064144977,54.07226935781789,0
loam,4.134815849920704,daily,none,31.427767258013887,53.269465896847464,0
loam,5.6120641563096765,bi-weekly,none,31.866523355757664,46.058471163561734,0
clay,7.249805287965201,weekly,organic,24.701893199590803,43.523376374650454,1
sandy,7.800869318956884,daily,organic,21.672567916737314,35.07296090201675,1
loam,5.5473261125992135,daily,organic,30.8311640518274,45.669698022491126,0
clay,4.836136444436945,bi-weekly,organic,24.0258822605851,36.506432604219405,1
loam,9.009581420795794,weekly,chemical,18.66884392806869,59.374627059688734,1
loam,9.906413084221313,weekly,organic,32.09948039122949,38.353237419783596,0
sandy,7.154141093816115,bi-weekly,chemical,32.65119753544695,32.34261221138135,0
clay,5.030075715089821,bi-weekly,none,24.3261951228034,52.09464551268937,1
clay,5.633843959116214,daily,organic,16.51399454619575,53.80918930877606,1
sandy,4.110344059284801,daily,chemical,22.756521798338625,64.87652245122021,1
sandy,9.485792839362993,bi-weekly,organic,31.070753189252066,53.079264496707275,0
clay,4.706506497340847,weekly,none,33.03548057092458,43.81923414893783,0
clay,7.459098853085521,daily,none,19.069454849951917,62.12047526105282,0
sandy,5.644331324123236,daily,none,16.33947224050543,51.61115572749684,1
loam,7.325068015094761,weekly,organic,32.54700906265677,33.17121138524767,1
loam,7.908522330111185,daily,organic,22.788098779577506,52.634022412529866,0
sandy,8.978450822243211,weekly,chemical,25.835219285351265,66.3207418168665,1
loam,5.2385276305636195,weekly,none,34.361316241015174,45.85250501992882,0
sandy,4.065974971950883,weekly,organic,16.33129455828446,41.853032075992004,1
loam,4.821313780412844,bi-weekly,none,27.96636014904191,35.7387782807208,0
loam,9.400111851088631,bi-weekly,none,16.482108451497343,36.057820877414294,1
clay,9.243340465375091,bi-weekly,chemical,22.509378569330007,47.310859373672756,1
clay,7.58447861302185,weekly,chemical,31.076290903868934,53.82719296646118,0
loam,7.60310116260192,weekly,chemical,23.669444655112688,33.22461620678407,0
loam,7.990220047277533,bi-weekly,chemical,34.94364707805901,67.58274356100662,0
clay,5.052227671740697,daily,none,26.181185698932044,60.20534469780784,0
clay,9.486471675549758,weekly,chemical,21.42324305271907,53.464956731346504,0
clay,6.5126231493524385,daily,chemical,19.402226518095063,63.13754683755963,1
sandy,6.298831169496985,daily,chemical,22.010410685723237,33.20747027248453,0
loam,7.113506231697025,weekly,chemical,22.450665475191016,49.07355510932497,0
clay,4.281795800650331,weekly,none,16.37427355447922,55.20372507446653,0
loam,4.9977002125364764,daily,chemical,22.391483988535462,63.14611624473157,0
sandy,8.428201698558222,daily,none,24.2847703947845,61.338782401970704,0
sandy,4.496792007550759,bi-weekly,organic,29.454755044776093,41.082769988535986,1
clay,7.618912656798329,bi-weekly,none,28.134589694432158,67.63520678236817,0
sandy,5.472094658087926,weekly,none,29.175313104583083,34.97383365723481,0
loam,6.335773684251859,bi-weekly,chemical,15.167273637537143,65.00534474484608,0
clay,5.732162420624199,bi-weekly,organic,19.353347991610722,68.83760998418475,1
loam,6.134036298789695,bi-weekly,organic,28.23368576799713,37.086140928905024,1
loam,8.314275431105473,bi-weekly,organic,24.679787363594944,58.88264256815141,0
sandy,5.78273029373905,daily,organic,15.106269513366918,31.611420751119937,0
sandy,7.398427841781383,weekly,none,31.089892848636445,46.2169130055662,1
sandy,6.856302413194598,bi-weekly,organic,30.456191465806747,50.65133196790696,1
sandy,7.982026992175889,daily,none,25.968383259871253,53.225809036385364,1
sandy,9.620978435948548,daily,none,16.329266515525443,67.43748992994239,0
clay,8.395432583261503,daily,none,30.330300990651693,56.89002749176779,0
loam,5.28964227154454,bi-weekly,organic,26.674271754627277,49.251118048769484,1
loam,4.187098810367708,bi-weekly,chemical,30.639199543159183,62.38700145063557,0
loam,5.57358426579895,weekly,chemical,30.03493984791681,68.02131283817636,1
loam,7.570467584201529,bi-weekly,organic,31.06004143915674,30.882645947291635,1
sandy,4.308554880905502,bi-weekly,chemical,25.360161328092495,69.30085089024155,1
loam,6.978197483207418,daily,chemical,17.8064903638703,33.44528556254721,0
clay,7.581057093501335,weekly,none,28.423149467593774,62.575471170750454,1
clay,6.005463344901765,bi-weekly,none,27.409475701039412,41.2133901020565,1
loam,8.62547322247493,bi-weekly,organic,29.845063743981743,35.28718631015487,0
loam,4.639589518802631,daily,organic,18.397620121014707,47.5942255885534,1
clay,4.450826690414853,daily,chemical,18.899503998005784,55.75826317790454,0
clay,8.36913253722162,bi-weekly,none,32.808190344386574,45.238073800939,1
sandy,6.972947897237191,weekly,organic,29.999555969041417,32.182616331307955,0
clay,8.130414378566417,weekly,organic,33.16456977400646,53.97844558634866,1
sandy,6.608964031622477,daily,organic,30.174306423278416,66.09613104442698,1
sandy,5.478412199434641,daily,organic,26.94310611980604,45.32861463789007,1
sandy,8.914613906045197,bi-weekly,organic,28.082654740557473,38.65331110523308,1
sandy,8.796495273813875,daily,organic,32.7825584788002,47.703093837312615,1
sandy,8.16817882512656,bi-weekly,chemical,26.57613509023881,31.934508441951234,0
loam,5.632870823379776,weekly,none,27.647826486567748,62.81950337921099,0
clay,7.541384001214523,weekly,none,18.12953432007201,63.05363243800747,1
sandy,6.165843381640161,bi-weekly,organic,24.478424402322055,53.52001853718514,1
clay,4.5494924399598045,daily,none,29.327942239161978,44.124115557535575,1
clay,9.503881452773456,weekly,none,20.41885396632731,61.99133457783134,0
sandy,4.820911785513768,daily,none,19.0450836104907,52.187480991534684,0
loam,9.701424122924815,weekly,organic,21.276536164488313,63.03729234200065,1
sandy,6.676034637747734,bi-weekly,organic,19.83001255985667,55.25835170332083,0
loam,5.110797573031718,bi-weekly,none,19.298252740727918,61.37621892851189,1
clay,7.251405684270149,bi-weekly,none,23.49701685736174,53.942519728710394,1
loam,9.23767501525845,weekly,organic,33.15677027767068,46.56564272862665,1
loam,8.393349318457368,daily,chemical,25.141192934774367,68.3178343970455,0
loam,8.839366887168698,daily,none,18.75840761630646,51.64455299515379,1
clay,7.952700200264304,daily,chemical,16.539433387617482,54.203580741621536,1
clay,8.153659387107115,weekly,none,28.923122902758504,38.81950557658997,1
loam,9.095173909391916,weekly,chemical,22.655975288727756,55.02603157709106,0
loam,5.498008053155115,weekly,chemical,31.436618931707187,52.864305979317756,0
sandy,6.936549781858843,weekly,chemical,28.190215372815402,37.393535917880996,0
loam,5.327256650917613,weekly,organic,30.92482901082737,32.383483894125746,1
sandy,9.926008047979881,daily,chemical,20.438920788368975,54.174372788590844,0
loam,9.66435603811968,weekly,chemical,28.84717844922116,60.54769077401282,1
sandy,4.236560868211035,weekly,chemical,20.281239693874376,50.93605483688033,0
clay,8.23345103509413,daily,none,33.781369589005834,39.07090501278583,1
loam,9.551489904493994,weekly,chemical,27.727485630667488,56.660879067721396,0
loam,5.083452070764001,daily,none,21.490236003506844,33.20422906438409,1
loam,7.407671383315777,daily,chemical,20.390237245845455,47.67334819207818,0
loam,9.49292978552825,bi-weekly,chemical,18.81853170143287,36.53467033593681,0
sandy,4.203675871514793,bi-weekly,organic,28.892819177874557,37.37836204239534,0
loam,8.18452160348104,bi-weekly,none,19.374312259958547,38.091757966328146,1
clay,5.784094044235305,bi-weekly,chemical,26.906065318549782,45.468282281759116,0
clay,9.546377172259183,weekly,none,20.292700538507148,32.04600822481591,0
loam,9.826349470992206,bi-weekly,none,28.239378895877373,45.911737637163924,0
clay,9.665598934680602,daily,organic,31.298794570810784,50.46829788458803,0
loam,6.845285299944782,weekly,organic,30.560504862893062,49.331771398653004,1
loam,9.17225590593588,bi-weekly,organic,30.217026618615634,45.31136401612162,0
clay,9.067296391210423,daily,organic,18.75444811384504,63.5658643228301,1
loam,5.914602839459533,weekly,organic,16.767698939690373,35.81306769682016,1
clay,8.973492844904065,weekly,organic,28.97897656974771,50.22786975125496,1
sandy,4.222045808292956,bi-weekly,organic,22.366944275887025,32.48165667826217,1
loam,7.577619270892319,weekly,organic,23.646924528066947,32.84622715511639,0
sandy,5.3800530237262185,daily,chemical,15.62298185586782,52.95463398708385,1
clay,4.723401314663673,weekly,none,20.191528985500984,52.64073699551284,1
sandy,4.461719209775255,daily,organic,15.67352807748928,65.12134051377828,1
sandy,8.177732655268839,weekly,organic,32.583715452024954,52.314947026402926,1
clay,6.039249782608397,bi-weekly,none,19.86793366437061,68.39164081619401,0
sandy,8.34860062917257,daily,chemical,26.146743391460163,31.94779393599719,0
sandy,4.392138044793654,weekly,none,15.779586413222608,33.92030739122964,1
clay,5.891742026983662,weekly,none,28.33694782611316,31.762634462815257,1
sandy,7.236947754252023,weekly,organic,21.460546915081878,37.411074013341604,1
clay,8.744338989033782,daily,none,32.95838373915332,51.65080443766712,0
sandy,5.912515017592419,daily,none,32.762363778680715,55.82288725709712,0
clay,7.755348258622055,daily,organic,21.505812367234956,31.823406317946752,0
clay,9.315866489417122,bi-weekly,organic,33.019217913809356,67.83883559382397,0
sandy,7.695179129093828,bi-weekly,organic,34.923153469975574,63.68661506601524,0
sandy,5.397756848521802,daily,organic,31.508313282478962,41.864499286283724,1
sandy,4.146404689339228,weekly,none,31.897426955104578,33.087501209058715,0
loam,9.22059324340558,bi-weekly,none,19.9801747221818,36.79548292876229,0
loam,4.127616465102323,daily,chemical,26.534047977155126,35.077776550198905,1
loam,9.248210036105196,weekly,chemical,16.345118279347357,34.93135117195787,0
clay,7.173622804163272,bi-weekly,none,16.898358736433394,50.742467546629356,0
sandy,9.634406191077378,weekly,chemical,34.97785224066581,39.83389769973601,0
clay,8.792699414641993,weekly,none,21.53278498851822,44.32558866116578,1
loam,9.987604663200024,weekly,chemical,29.963678240976925,69.58021333537289,0
sandy,6.104270892710261,weekly,organic,31.13330106053633,57.372569957013795,1
clay,8.603129733586762,bi-weekly,chemical,32.16046542014458,67.95922668188005,1
sandy,6.411585481655453,bi-weekly,organic,34.95256594804313,35.70226220132462,0
clay,6.879253721823453,bi-weekly,organic,19.829929705137356,45.28557899330277,0
sandy,7.7650327793102205,daily,organic,15.807016537193995,52.189272131294175,0
loam,9.242062685118032,bi-weekly,organic,23.22383035989172,33.07032247554952,0
loam,9.904500815195771,weekly,chemical,17.60161339657894,30.167497745118315,1
sandy,8.609640483187109,bi-weekly,none,15.448517783241103,56.8173733518767,0
clay,6.506600693004002,weekly,organic,22.208536542829723,55.672780672057414,1
loam,6.528142013662421,daily,chemical,30.67476502150473,46.43155239998447,1
loam,8.42549380953335,weekly,organic,26.323613824501418,49.585763041281304,1
loam,5.4326628746098145,weekly,chemical,21.25555978420708,46.61772002368359,1
sandy,4.6628446787883675,weekly,chemical,28.086840109854393,30.960201793795555,1
sandy,6.127732945844659,daily,chemical,19.640363606176216,43.41486424869849,0
clay,5.72343394992449,bi-weekly,none,15.287628921441701,37.083290215891594,1
clay,5.777848722735941,bi-weekly,chemical,30.287067728728548,33.93696756405475,1
clay,5.40164650629946,daily,chemical,27.474861697280183,68.26881735557399,0
sandy,4.252559137818171,weekly,none,30.2460524900192,53.974389001686625,0
sandy,4.107243608400482,bi-weekly,none,15.778760333753311,59.14625136946411,1
clay,9.92633433841619,daily,chemical,31.742392556613044,42.6145497306447,1
clay,6.566638802415174,bi-weekly,none,27.390524000726067,45.72588517976061,0
sandy,6.30595988295809,daily,organic,26.267907014252803,39.47695975586894,1
clay,8.07788369615842,weekly,organic,27.492280962290632,33.87862683861699,0
loam,5.3095233271903854,bi-weekly,none,32.28866493736729,37.16126549766335,0
sandy,9.699767103701351,daily,none,26.73873013117814,61.90056181185943,1
clay,8.718070086493313,bi-weekly,chemical,26.619007597763584,57.10183220735104,0
sandy,4.536466013873557,bi-weekly,none,34.81358314131532,51.87715503941908,1
loam,6.50548465470957,bi-weekly,chemical,30.13460334137136,49.00359491467072,1
sandy,9.274709845372989,bi-weekly,organic,23.845876109022704,66.89737134624498,1
sandy,9.668392133748462,daily,none,29.147940000658554,32.90939791114673,0
sandy,6.804409067499218,weekly,chemical,22.78460943383577,41.224032529516634,1
sandy,7.680468335264246,daily,chemical,19.57750924966998,43.997514142828564,0
loam,5.002203676552451,daily,organic,26.937037537755188,61.29703248851151,1
sandy,9.947011756821858,daily,none,33.56364196227903,69.70058480647884,1
sandy,5.390030208300661,weekly,organic,33.58279040030925,39.62682059028612,0
clay,9.656390644810754,bi-weekly,chemical,21.838105562109806,64.97229336548322,1
sandy,7.897879893954211,bi-weekly,chemical,25.5535493244339,63.22491041727165,1
clay,7.6464207692731545,bi-weekly,none,19.232717971397225,38.986295905670666,0
loam,7.076131066099052,weekly,chemical,34.91262218997767,45.973303207968904,0
loam,5.384018870306552,bi-weekly,none,34.62235815735872,46.386914771700766,0
loam,5.05916819203305,weekly,organic,27.990178594148947,69.12882674106234,1
loam,5.322917254421052,bi-weekly,none,31.088281193549467,37.235676055155935,0
clay,5.118629572865527,bi-weekly,none,29.302003225674,61.96631884419128,0
sandy,8.67750684140052,daily,chemical,26.863164380789364,43.36770856692439,1
loam,6.100751555000381,weekly,chemical,16.066959939777952,59.23481383104642,0
sandy,4.347056059380378,daily,none,24.09528685105322,46.800440171826516,1
clay,9.814615780844868,daily,chemical,28.49572604334821,53.1343905246616,1
clay,9.302715309780554,daily,chemical,28.550632277673692,63.304470933045245,0
clay,9.566513699171278,weekly,chemical,22.46245236844767,62.166622599355364,1
loam,9.969446935878612,weekly,none,33.833839733160616,64.65692734158802,0
sandy,5.043371495316924,bi-weekly,chemical,18.34714064473562,32.38469301378636,0
sandy,6.377452113415952,daily,none,25.00718892431121,57.682022121589796,0
sandy,8.549430854224548,bi-weekly,chemical,28.817679531016456,35.59949506887052,0
clay,8.176123708322754,daily,organic,28.942716117836184,46.63274272073644,1
loam,4.92337543803913,weekly,chemical,27.97277913537631,51.943536602187535,1
clay,8.894998749943706,weekly,chemical,20.505764269037204,46.10957938987323,0
clay,5.346643431019964,weekly,none,18.12413137373244,50.784467032120304,0
sandy,5.342905688935739,daily,none,27.718806536534217,69.86105235194476,1
clay,7.221846537360482,weekly,chemical,26.986042322788755,35.40869254851419,0
sandy,7.557639609050219,daily,organic,18.58712020578482,57.018241813457024,1
loam,7.480517247026867,bi-weekly,chemical,29.102782911411268,45.84003865542461,0
sandy,4.548921024386529,daily,chemical,24.10343983467313,35.32039195629315,1
loam,9.264765175782282,bi-weekly,organic,28.35521183206306,36.34947053497238,1
sandy,5.593600255532237,daily,none,31.747341595403014,67.97092424982468,1
clay,4.777089527696825,bi-weekly,chemical,18.394568571538464,65.18405986847048,0
clay,9.332488479213863,weekly,none,15.382897359936734,66.28167841660087,0
loam,9.73390898937852,bi-weekly,none,30.582051727915736,69.66131103309546,0
loam,9.172765703592704,weekly,organic,27.19394850305232,38.332615600340716,0
loam,8.857096448349267,weekly,organic,28.992791392442435,44.21757349456247,0
sandy,7.93145188383413,bi-weekly,none,31.76309949977285,56.76876119699467,1
sandy,7.305144223654835,daily,chemical,31.05621869649001,49.35210159442589,1
loam,4.521920559468461,daily,none,34.21840293857649,46.73558133513334,1
clay,6.4507192784241925,daily,chemical,25.718701577042363,44.312449973423725,1
sandy,6.236131102073884,daily,chemical,24.769912653198105,53.75122527773809,1
sandy,5.558522702561957,daily,organic,23.0377439978146,53.02373714560328,1
sandy,8.34052068213151,weekly,chemical,18.07382085688409,36.458313362569605,1
loam,6.975254410472624,daily,chemical,26.45214465764045,48.869593500737565,0
loam,4.486277295445888,weekly,none,20.540250486519575,52.138871048393995,1
loam,5.3210992116988685,weekly,organic,33.42615024425951,52.81147754925562,0
loam,8.099552581957575,weekly,chemical,26.663816085541953,38.40428771649407,1
loam,4.456785156941801,bi-weekly,chemical,26.856803610162203,59.69085569009147,1
clay,9.107241484292611,bi-weekly,organic,22.098493217540202,31.007963792842787,0
clay,6.970879162083846,weekly,none,16.03978703955415,44.193274221726504,1
loam,6.883519463959888,bi-weekly,organic,15.634875307459772,61.208505941425344,0
sandy,7.554446707957106,daily,organic,23.466702883063952,52.55571684221609,1
loam,8.948085795550895,daily,chemical,16.691307561944758,40.44649730043441,0
clay,6.086855247413158,weekly,chemical,27.136939110802782,57.79812477372191,1
clay,8.068096915354381,daily,none,32.61946011279315,52.69563776624294,0
sandy,7.394391783974746,weekly,chemical,32.65829633037444,61.84974437825549,0
clay,5.602169621016528,weekly,chemical,28.18090820264465,59.40100744759293,1
loam,9.271779918130948,daily,organic,19.224636629458622,54.40431688144939,1
sandy,8.784556129641569,bi-weekly,chemical,32.25993662717744,49.52710701243256,0
loam,7.950711007950553,daily,none,32.72186870626416,35.327285026700935,1
loam,9.103490374565451,daily,organic,18.933071699059173,40.45332071541535,0
sandy,9.203765205758813,weekly,none,29.748521715413546,46.76397891668341,1
loam,8.250177860290208,weekly,organic,20.73039097854246,53.97197148025555,0
clay,9.022079970182032,weekly,chemical,31.052806247058594,50.5483142086122,1
loam,8.184828770015702,weekly,organic,34.94475799807205,41.52738103838118,0
sandy,8.080844630561803,bi-weekly,organic,15.600520106587856,30.258574311588422,1
sandy,7.711668269291106,bi-weekly,chemical,32.94731731581864,49.849568876032556,0
sandy,8.516299837345848,bi-weekly,chemical,27.45261067197316,41.42503954248973,0
loam,4.951630631758443,weekly,none,34.467652383296425,59.384332028421404,1
sandy,9.28522455519357,weekly,none,24.300190350528553,30.95785061081934,1
sandy,9.231061166471392,weekly,chemical,31.947758611427474,53.393112452231634,0
loam,4.175483698207355,bi-weekly,chemical,16.247881371965544,67.65896950024262,0
clay,8.954900503388576,weekly,chemical,21.705581001565914,36.97637068445998,0
loam,4.773219204840672,daily,organic,16.340330755024198,48.865979630023816,0
sandy,6.010713125554851,daily,organic,34.50686266958141,33.65687967268553,1
sandy,8.461049537749647,weekly,organic,31.339478145436736,55.027276490454106,0
loam,4.9645593762898494,daily,chemical,32.05094842491941,52.02126722384902,0
clay,8.907802144714374,daily,none,33.75930462867788,46.29462096851329,0
sandy,8.992805067746453,bi-weekly,chemical,16.702069722395706,50.85508085894965,1
sandy,7.044806402565017,weekly,organic,22.711951850266665,65.86298633876041,0
sandy,4.038315230301001,weekly,organic,16.420697780880044,37.85177209244268,1
loam,5.722228799049477,bi-weekly,chemical,19.215862031000572,30.90258046821389,1
sandy,7.701561510254454,daily,chemical,19.587315540753448,64.46659538796405,1
clay,9.88711706816454,daily,organic,24.382144220951574,53.08468329551626,1
sandy,7.7908811621000105,weekly,organic,20.371243349072852,65.6263382184737,1
sandy,5.558821486384959,daily,organic,17.019562136355223,53.877808936526904,1
clay,7.804034218597668,bi-weekly,chemical,18.349821781882156,62.4064435983881,1
sandy,7.239912278295133,bi-weekly,organic,17.94551127104182,47.18693453420592,0
loam,8.679072370906862,weekly,organic,34.46153595824597,59.99439725153075,0
loam,4.64188383296175,bi-weekly,none,30.185850138369474,66.52165867559424,1
loam,8.566167415012167,bi-weekly,chemical,34.35522930539124,52.88491854888825,0
clay,7.247599472056661,weekly,none,23.79480973015817,37.23140602249518,0
sandy,9.777952023153968,bi-weekly,none,20.567369633253133,40.751904601207926,1
loam,6.051232996232116,bi-weekly,organic,30.965863944183734,37.94578307589623,0
clay,7.795731358803689,bi-weekly,chemical,21.525078360822935,39.87428110382932,1
sandy,9.592168633060105,daily,organic,20.987667474106964,42.256617974041454,0
clay,4.6150583679440755,weekly,chemical,19.650119844156624,52.20535147012754,1
loam,9.623370923418706,weekly,none,17.593579564484706,53.51966517855331,1
loam,8.127314333804879,weekly,chemical,20.12926122033532,47.05998988967444,0
loam,4.407022354631032,daily,organic,22.106394969477755,54.616831192833416,0
clay,5.805781401680898,daily,organic,28.47988416291461,33.262997024454634,1
clay,8.24903253187169,weekly,organic,16.25129684438903,33.511529482326395,1
loam,4.40410360881263,daily,chemical,19.21013879330686,36.87317841430634,1
clay,7.49302276105764,weekly,none,31.180472805833528,50.723099921613795,0
loam,6.07529834171774,daily,none,17.938438471675415,38.55978714793254,0
loam,7.725493106604863,bi-weekly,chemical,21.85290293045043,41.331376139703096,0
sandy,4.274452202875077,bi-weekly,organic,32.2931784371628,46.01251344691976,0
clay,9.229220836914259,weekly,none,18.098506222868853,62.47464496041519,1
loam,9.840933815064382,daily,organic,16.6547367123638,30.554485436514405,1
loam,9.813267131714149,daily,chemical,24.690759901600217,55.975152809464895,1
clay,8.497910990457548,bi-weekly,organic,21.048390225570728,56.755061241627416,1
sandy,4.780517440783791,bi-weekly,none,26.26816728967708,61.94623121426546,0
sandy,8.549579175574134,daily,none,31.076097809669502,67.31011756241253,1
loam,4.147521498752809,daily,organic,17.742969763054862,30.80551395797159,1
clay,4.1327413091739835,daily,chemical,26.613981691085698,36.15134822052865,0
sandy,5.941661314897248,daily,organic,25.110175207797276,65.44685176223973,0
clay,6.931859142427994,daily,chemical,17.881575720263992,48.34074248748061,1
clay,8.622444506846758,daily,organic,27.47996971057965,52.583625557338536,0
loam,8.099772259639032,weekly,none,20.472808357215435,56.5210881489259,1
sandy,6.67541623826049,daily,chemical,24.75668637088025,57.1626641798255,0
loam,5.641759997689995,bi-weekly,chemical,16.64544648554124,67.26961613266033,0
sandy,9.982747000946267,weekly,chemical,24.19168114427246,69.87797669646679,1
sandy,6.557087813415838,daily,none,21.129269360856405,58.80629843723761,0
sandy,6.708322145978053,bi-weekly,organic,31.447624223707088,41.488848368206035,1
sandy,4.981742927150015,weekly,none,16.139574539947365,65.19009609177374,0
sandy,8.768857292499575,bi-weekly,chemical,23.3721454983666,31.968836581630462,0
clay,8.162093354688931,daily,organic,24.168628482628762,39.24323411497985,0
loam,5.324617676732562,daily,none,29.500121525982372,65.89542869854859,0
clay,4.494286273695057,daily,chemical,26.48575150180422,40.247660577574194,0
sandy,8.082995812448278,daily,chemical,28.344246743883623,38.826042384869936,1
loam,7.927067285686811,weekly,none,30.540985713035123,35.525011725609886,0
sandy,5.639557161989256,weekly,none,32.24405947316377,64.36447030587667,1
loam,9.705181373502462,bi-weekly,none,21.277509934449412,50.00233036764347,0
clay,4.906347350685401,daily,chemical,25.760454107278058,56.99572812216619,1
loam,6.594008806255611,bi-weekly,none,31.802161568783998,39.562655363001184,0
loam,9.661695521005594,weekly,chemical,34.78902261930113,60.321616840448655,1
loam,6.518363901556734,daily,none,32.79038622087526,60.40022179848394,1
loam,7.8311556859845135,daily,chemical,22.429345252487536,42.503920996332006,0
loam,6.385566387776766,weekly,chemical,18.903330344373007,46.427305320411314,0
sandy,5.64529121409202,weekly,organic,24.787850748131774,38.38761109720804,0
loam,9.903865887758968,weekly,none,29.832829036720845,69.06244093291618,1
loam,6.456004037890258,weekly,none,24.85138141506595,55.824103082336464,1
clay,9.364595222074806,weekly,chemical,24.66361726627337,67.38175522862062,0
loam,5.3797276353465175,daily,chemical,31.764608421636012,42.13542174516533,0
clay,5.2786282241505,weekly,chemical,22.228075581343727,61.27563651987559,1
sandy,4.186804497307068,daily,organic,32.19589349623291,60.63434575538968,1
loam,7.91000095225531,daily,organic,23.136096019034472,57.666226074661665,0
clay,6.211158062342567,weekly,chemical,21.56466211356679,68.62555901067202,1
clay,9.186149499037821,weekly,none,24.07979822399398,45.74221344425262,0
sandy,6.839259440149343,daily,none,30.24893917349737,35.22869294359029,0
loam,9.80916056748833,weekly,organic,17.520040557279884,56.86835436976243,0
loam,5.113153094218727,weekly,organic,18.928384317440347,59.17239201908825,1
clay,9.211739007733666,weekly,chemical,34.02889651326184,53.00242293835259,1
loam,8.65958111675045,bi-weekly,none,18.50983254762715,38.27271572533585,1
clay,8.625531067864312,daily,chemical,26.354546358621093,50.178237666774216,1
loam,9.068699368701326,bi-weekly,organic,26.586289333238756,42.48758946276517,0
clay,8.566143945657993,weekly,none,24.792489241004894,47.098661126667565,1
loam,7.7573219297884926,bi-weekly,none,27.89490497153637,55.808743033786556,0
sandy,4.787469266094325,weekly,organic,19.59653451595237,59.80858970763338,0
loam,4.1951570769475115,bi-weekly,chemical,26.053245355534962,39.288987636053726,0
loam,9.525087086894121,weekly,chemical,22.443465104937943,46.213014425878136,1
sandy,7.699901887124428,bi-weekly,none,28.23334519258378,40.76646283966517,0
loam,8.779223745857058,bi-weekly,organic,17.82447086746299,37.94526455447476,0
sandy,6.8891341090753,bi-weekly,none,26.417548336789523,61.335488799833534,1
loam,4.703849133774367,daily,organic,18.705407107666474,66.37010777747969,0
clay,4.751114753215303,bi-weekly,chemical,20.572861262300727,44.80928742738307,1
clay,8.113391723373828,daily,organic,19.374196006471664,60.05115697495067,1
loam,6.581835369396776,weekly,chemical,18.656755597376343,65.87981157457645,1
loam,5.20314836020202,bi-weekly,organic,31.51421903121334,63.84496842120926,0
loam,6.949567280448621,weekly,none,20.714151353217808,37.312535541569034,1
clay,4.385253622450804,weekly,chemical,33.54247563728899,68.25167526053445,1
loam,7.4918284114863924,bi-weekly,none,34.39853050690382,45.0670576171785,1
clay,5.613960426610586,daily,none,26.42520939874195,43.56962644695345,1
sandy,8.78535460382313,bi-weekly,chemical,17.860022453314528,32.49725309111121,0
clay,5.862171753541443,weekly,chemical,22.490964867591625,49.446946164195325,1
clay,6.731320894490807,weekly,none,30.95464526696428,34.36054462563715,0
sandy,4.069723239448604,bi-weekly,none,22.34781457394141,39.94159283709704,1
clay,4.434681326767353,daily,none,16.740344366055776,42.67770487069126,0
loam,6.354961338440109,daily,none,26.13569821856376,62.353052939667364,1
loam,6.879633008302741,weekly,chemical,31.902417029920695,65.01954601583586,0
clay,7.600123288715823,weekly,chemical,30.918527742870047,42.098652698458785,1
loam,5.749975472255819,daily,none,18.502462802607063,64.34792484978296,0
clay,8.169891316759255,bi-weekly,organic,28.455292288249332,64.28923749479165,0
loam,9.160734383135228,weekly,organic,19.41008526871294,60.58603801539494,0
loam,8.679105933360098,daily,chemical,19.364150691043445,35.86780456060726,1
clay,4.237712952090143,weekly,none,32.481435466103704,57.61291387602916,0
loam,6.883041683546974,bi-weekly,none,19.993379054804603,67.80096258322274,0
clay,4.629581070509049,daily,chemical,20.264946930360225,57.30161915068628,0
loam,5.452270095175165,weekly,organic,15.013067815225991,43.26467396431336,0
loam,9.919975559602879,bi-weekly,organic,32.41338068251035,50.02317269723325,1
sandy,4.854973257409079,weekly,organic,30.851896264182695,55.829001734042144,0
sandy,6.993328920708136,bi-weekly,chemical,27.54657870181356,50.42281634914014,0
clay,7.708934405908715,bi-weekly,organic,30.005315278776845,34.79811766923879,0
sandy,8.214789823264624,daily,chemical,18.040971348489837,42.48256178608082,1
clay,7.357892100921484,bi-weekly,chemical,24.16647189175151,62.0958412221453,0
sandy,4.058625084515102,weekly,none,22.02438774697562,64.4567218438207,0
loam,5.9587678494639515,bi-weekly,organic,16.87553052514033,35.49200130862281,0
clay,7.106269860308268,bi-weekly,chemical,24.72260970429848,68.09547009594898,0
clay,4.527198994869,daily,organic,33.414793006852705,43.15290471394437,1
loam,6.103761587255084,bi-weekly,organic,15.80118238101389,56.4925495492288,0
clay,4.1992186527482,bi-weekly,none,20.829218269875877,60.07300583826725,0
clay,4.471470982930125,weekly,organic,19.150818724114067,62.477849385515334,1
sandy,6.381539657209577,daily,none,19.762933073313924,67.82998808903722,1
clay,4.796294524258363,daily,chemical,33.16869103758751,42.516781921152905,1
loam,7.405245089569349,daily,organic,24.361381084685803,64.34025818206217,0
sandy,8.136789814823594,bi-weekly,chemical,24.325988258796375,35.267476137448284,1
sandy,8.803520194654498,daily,organic,30.211512849105645,58.20163625414371,0
loam,5.200901465468861,bi-weekly,chemical,18.089844080098516,59.679109180559436,1
loam,5.004895493554418,bi-weekly,organic,24.745307082001016,57.10892964805282,0
sandy,4.627407042006402,weekly,organic,23.599704282421193,40.09258944540612,1
clay,7.81858149726182,weekly,organic,26.93821381093312,64.92172588060814,0
sandy,8.238854358921408,weekly,organic,34.99115406500877,36.7543385348158,1
loam,4.189516868953852,weekly,organic,30.38897788164094,32.14539166083323,0
sandy,9.617273477462138,weekly,organic,22.957314060348544,58.698599624476486,0
loam,4.311827701908834,bi-weekly,organic,31.55106104548094,49.019028609309345,0
sandy,7.247778011806423,bi-weekly,organic,18.414167266249603,63.96392079834704,0
clay,8.254363116705498,daily,organic,15.609273726179202,45.335885642330354,0
sandy,9.225814742476514,bi-weekly,chemical,19.088967449285462,36.731143540308516,0
sandy,8.284521592794567,bi-weekly,none,21.808231122285193,63.457687698794786,0
loam,8.81036849841875,weekly,organic,25.211615149191196,51.95638526560287,0
loam,6.036701155256837,bi-weekly,none,27.302582810823996,37.567831695614196,1
loam,8.888950682479074,weekly,organic,33.21211434428844,58.81535994345783,0
sandy,4.480689078308051,daily,organic,25.197080191009153,50.44454553958002,0
clay,9.368899936363166,daily,chemical,25.025512892514588,54.172519289612794,1
loam,7.285554256922417,bi-weekly,chemical,16.004860196459642,48.43593352826328,0
loam,8.903786619774962,daily,none,15.698231053124477,63.148359352720256,1
sandy,6.713909707109801,bi-weekly,chemical,26.023199238327443,63.182508627321994,0
loam,7.86146617117915,daily,chemical,23.76357226496689,58.37555287297545,1
clay,7.15841596561668,weekly,none,31.783607899605972,34.21605509585849,1
clay,8.389537130531991,weekly,chemical,18.213591694236904,63.55415447616275,0
loam,4.489779892183537,weekly,organic,15.499433242340992,56.84051922131639,1
loam,4.362112503943383,weekly,none,23.980775358602518,57.88096664017198,0
sandy,5.482619404060879,bi-weekly,none,19.74957113504515,44.51931361615486,0
clay,4.95726808067913,daily,organic,15.992287466776748,65.17118224628027,0
clay,9.23070139955321,bi-weekly,chemical,29.49196573695258,59.0148640093943,0
loam,5.315283924148266,weekly,none,17.231859999144948,34.50361866116778,1
sandy,9.855191534914788,bi-weekly,none,27.166390000155435,46.311121376246504,0
clay,6.0213747506266415,daily,organic,20.620995003337782,65.45521447840567,1
clay,5.0927074941321955,bi-weekly,organic,18.46992100710044,31.88786806789516,1
sandy,8.738191042854876,daily,chemical,22.595030458386347,68.45666478568198,0
sandy,7.952246653005257,bi-weekly,none,31.028915524459073,57.16650273278251,0
clay,6.989174298718834,daily,chemical,22.841871538091453,55.255039105735065,0
clay,7.332181305625787,daily,chemical,30.015392984221116,40.82237025951966,0
sandy,8.315210669633583,weekly,organic,17.509725935983013,39.95167154956708,1
clay,5.370728447987792,daily,none,30.45542839330158,67.68232877954381,0
loam,9.978003496340452,weekly,none,19.73866649813297,41.93089816936491,1
loam,9.848758972880699,weekly,none,28.547862597777456,61.02021186875997,0
sandy,7.901954118081621,weekly,organic,26.315631096819928,45.724871928283164,0
sandy,5.197254705574871,bi-weekly,organic,33.58289434423375,35.57016283138816,0
sandy,8.081369454587747,bi-weekly,organic,22.74645035950628,30.428611907814357,0
loam,4.433190453875055,bi-weekly,organic,16.32330377668881,51.770293480610036,1
clay,4.183915013234836,bi-weekly,organic,15.383109711025059,69.0311527419573,1
loam,5.546097331067282,daily,none,31.53717121945506,44.765447752368175,0
clay,6.775737740435898,daily,chemical,25.494712753228644,44.28769335972179,1
loam,9.209635032450283,bi-weekly,none,30.504881036698986,43.76366471397768,1
clay,8.363014418597848,daily,chemical,19.688512000230293,50.82175349219433,0
loam,8.456239127199886,daily,organic,21.901674910264674,47.62659533697175,0
sandy,6.552960006688452,weekly,chemical,15.602077444226378,65.19658506908058,1
loam,6.075609955281777,weekly,none,34.22984649148224,50.22083166893961,1
clay,6.226232577907616,weekly,none,28.357358134016266,50.31031352754275,1
loam,9.925897382416347,weekly,chemical,33.664101755186124,35.534863788822264,1
loam,4.240655148474895,daily,organic,20.30992814858145,69.30958163641543,0
loam,9.202188976734691,bi-weekly,organic,27.229272224513217,39.99891563475319,0
sandy,7.472052451434361,daily,none,28.569999365852755,32.934562698384106,1
loam,6.6316925151375425,daily,chemical,21.35099400515177,56.525849959008355,0
sandy,8.35154596249082,daily,organic,31.9621847003126,53.8146548062749,1
sandy,6.920013648548217,weekly,organic,33.943229258004955,46.60582615970983,1
loam,9.240539428489964,weekly,none,32.69710235392009,46.887689355227124,0
loam,9.40421118406755,weekly,organic,29.78133951878745,61.40255684185725,1
loam,6.5303255612407325,bi-weekly,chemical,20.54929359449908,37.82850560398596,1
clay,5.660966783410309,daily,none,20.632320842112634,62.810132757795586,0
loam,7.554101971560174,bi-weekly,none,34.26720640892076,55.94988455580072,0
sandy,9.474180073700147,weekly,chemical,15.20568991871384,46.75879095118098,1
loam,5.263973134034,bi-weekly,none,29.32099946484289,48.321144663354744,1
clay,7.737799501380897,daily,organic,29.124923251105244,40.26588828744383,0
loam,7.789361320555123,daily,organic,27.453790818995948,60.08457330787899,1
clay,8.398678134491686,weekly,chemical,34.80217692173731,50.51498969221071,1
clay,4.789406110763559,weekly,organic,21.237588715274505,42.83418170999374,0
loam,8.29494978809253,bi-weekly,chemical,21.799437275864964,53.84200463043801,0
sandy,9.454195123993845,weekly,chemical,16.57878805893111,69.82937808205293,0
clay,5.078098653221452,weekly,organic,23.85596273087475,47.41049118626215,0
loam,5.425259949543266,daily,chemical,20.220970524696963,66.82765603114478,0
loam,9.828370564249838,weekly,organic,21.867734043552886,43.80067359698265,0
sandy,5.085861716256939,weekly,none,31.691435805112555,32.189308276999434,1
clay,9.126310560217474,daily,none,33.70969027054991,38.169684254737156,1
clay,6.953667138688209,daily,chemical,18.71466144010371,46.74780573310737,0
loam,5.483386446419062,bi-weekly,organic,22.450178631069317,38.78539714378276,0
loam,9.224499407635069,weekly,organic,33.572611242307886,30.00908152873022,1
sandy,6.671831530015993,daily,none,16.236169213784454,66.60006150990108,1
sandy,7.088904123578141,bi-weekly,none,16.84721056222757,63.75517644923716,1
clay,6.155400216398594,bi-weekly,organic,18.255819784124586,59.69168925947788,0
clay,7.557705108609564,weekly,chemical,26.904256682537493,36.71258382584114,0
loam,4.981143235510137,weekly,none,18.00944542011995,34.81454304839944,1
clay,6.3464892199105645,bi-weekly,chemical,34.361527629014674,32.70418997889533,0
sandy,9.816473934011725,daily,chemical,23.934290545170406,58.96116755091685,0
sandy,5.548800596206766,bi-weekly,none,25.03035920700333,67.15231842751541,0
loam,7.940419987247753,weekly,chemical,19.93317231610813,47.22143283652148,1
sandy,5.951140385348169,daily,chemical,24.41920504869467,34.765626879841925,1
sandy,8.640838754119603,daily,organic,28.23827265274023,50.49571282928426,0
sandy,4.785241964310099,bi-weekly,chemical,30.023542739080856,43.9532762983452,0
sandy,9.818926270471268,weekly,organic,30.07736165419826,44.99299697399991,0
loam,6.7227372483018355,bi-weekly,none,26.557822253881767,54.85322496622829,0
loam,5.416302780078784,bi-weekly,none,33.08719549987714,58.74872453048809,0
clay,4.440980483980076,bi-weekly,organic,31.348156946122188,34.424143954926436,1
sandy,5.018547430525245,daily,none,30.140962293972507,31.423609232259054,0
clay,7.118643691336106,daily,chemical,16.112110433609214,69.77321210742859,0
loam,6.022019058587718,weekly,chemical,15.137559244392985,39.30913395662208,0
loam,8.973300195295657,weekly,chemical,19.248945543909457,32.15322099633836,1
loam,6.585325141970836,bi-weekly,none,28.270471878269046,37.595013163836796,1
loam,5.492285635525779,bi-weekly,chemical,23.223949777650915,31.558313853938568,0
loam,7.70286991962418,bi-weekly,none,23.048125185986237,45.67243578468687,1
loam,8.240663301312676,weekly,chemical,32.691737764592276,62.09607137805297,1
loam,5.002251447405699,daily,organic,32.91125696263677,43.64977799030882,1
sandy,5.005715297729906,daily,none,33.18350528107172,47.76733627513466,1
clay,4.220028561601258,bi-weekly,none,21.277561530300545,57.02347094269755,1
loam,8.418412090393844,bi-weekly,chemical,28.821116254785235,50.35576280279521,1
sandy,7.98282716573083,bi-weekly,none,20.432663625487393,64.45782744085297,0
sandy,6.847785254498883,bi-weekly,none,18.812196661488997,64.64142700183027,1
clay,9.065022693815184,weekly,organic,18.692649146947385,30.396427819646146,1
loam,8.834020917700318,daily,organic,21.84215241727188,61.121852259327966,0
clay,7.512126186380513,bi-weekly,chemical,23.599152395596434,48.429344009666956,0
loam,9.209627683079551,weekly,organic,31.61898342110137,69.55362165214652,0
sandy,5.235047260220609,bi-weekly,chemical,17.39782186945424,49.329283035017404,0
sandy,4.671517716386367,bi-weekly,chemical,29.698516947897886,69.4758378155319,1
sandy,5.618497669101938,daily,chemical,25.629098283786107,60.182774448229466,1
sandy,4.342521136535889,bi-weekly,none,20.75890685351985,39.94419538453225,1
clay,7.187017168006192,daily,organic,24.856391690656494,51.5357991714783,1
loam,9.61963415376977,daily,chemical,20.998841395540452,69.68542557914331,0
loam,4.236061244011058,daily,organic,26.921639104766122,64.30122431007695,1
clay,4.732659484060161,weekly,chemical,23.676878457104884,33.89467575164885,1
loam,6.7131941697006114,weekly,organic,18.288110581577573,58.25487987239984,0
sandy,9.60325010516743,daily,organic,17.331661491113934,43.82318343483252,1
loam,5.8969366298605035,bi-weekly,chemical,25.9339136414426,30.279290475213926,1
sandy,7.043408852130355,daily,none,33.04826066572207,46.13923876107998,1
clay,4.249437154302353,bi-weekly,organic,21.87915373115371,39.39017686899885,1
loam,4.890059205772533,daily,none,29.660002144452463,62.75477082081886,0
clay,9.919780737753081,bi-weekly,none,28.173227098795337,43.49322435383062,0
loam,9.790712178616273,weekly,chemical,33.63109828618962,63.100947758152685,0
sandy,4.029639885606458,bi-weekly,chemical,31.419620345982818,30.02391755339181,0
clay,9.710870712539434,daily,chemical,26.33210517810926,42.312766001044764,0
loam,7.834719626893002,weekly,organic,28.140609964682145,39.64660857231048,1
sandy,9.207509767120133,bi-weekly,chemical,32.9677293316807,39.34269444274444,1
clay,6.728439133803155,bi-weekly,chemical,22.990375691738695,32.727464790618505,0
clay,7.093576171475501,bi-weekly,organic,21.535894117155546,37.484970816420066,0
loam,6.933079481541521,bi-weekly,organic,15.216221672703927,52.22198279542479,0
loam,8.001185545276627,bi-weekly,chemical,31.531021483829285,41.65444291350978,1
loam,4.837907528537878,weekly,chemical,31.019614008067297,46.69579129316592,0
sandy,4.179841539236068,weekly,chemical,17.089090362003027,45.074675213887545,1
loam,5.8475796495471455,weekly,chemical,26.537147622654004,65.03619699999578,1
clay,8.22808457641988,weekly,none,24.279633963337748,66.21195996042061,1
clay,5.21112071273769,daily,none,17.37418191018223,49.7182788662344,1
loam,8.040594599949504,weekly,chemical,34.61136454121447,43.206238012624176,0
loam,9.819472276643623,bi-weekly,none,19.29391774926711,34.27202816009454,1
clay,4.56340429473651,bi-weekly,organic,16.344683601811223,68.1361151752838,1
sandy,8.035612709350758,weekly,none,26.89694759003819,32.4090777960119,0
loam,6.662501315827427,bi-weekly,none,29.777333542660653,41.90601110273121,1
loam,9.208853526265031,weekly,chemical,15.64886892094374,41.92264804680016,1
clay,5.062898736684316,bi-weekly,none,28.174352774540445,42.81605144560859,1
loam,8.155755713356987,daily,none,25.645837519029087,36.57147373089637,0
sandy,9.02869173788866,daily,none,17.06530017750097,61.32645723694789,1
clay,9.667685316844139,weekly,none,18.45047753892724,34.899914478639566,1
loam,8.099488169737874,weekly,organic,26.359485946321612,55.39626636612651,0
clay,6.983048584050564,weekly,chemical,20.92715227026577,34.9538410682327,0
loam,7.707083441207283,bi-weekly,chemical,33.76631457302632,32.82142550371826,1
loam,9.21342990687231,weekly,organic,31.374804589681016,66.37718014743507,1
loam,7.423658479832978,daily,none,34.67134413027326,37.60515065274823,0
sandy,4.182322358181021,bi-weekly,organic,20.19341677900828,62.85000618238817,1
sandy,9.585692173041867,weekly,none,34.39447265595954,51.785234844285434,0
clay,8.137160506189367,bi-weekly,organic,23.624677395831156,33.11426078435078,1
loam,8.059080314663479,bi-weekly,chemical,21.95037590627509,68.2179276575227,0
loam,5.294050914386303,weekly,chemical,16.006990539387065,39.878446679675704,1
sandy,7.953312821395944,bi-weekly,chemical,16.055305157192052,64.38581381410427,0
loam,6.363186433924951,daily,none,28.840225118933095,36.752400231382566,0
sandy,7.907397862248953,daily,none,24.158579888680556,64.15771528567412,0
loam,4.639558181847944,bi-weekly,organic,19.530432520722115,30.52915251621176,0
clay,7.947071827618216,weekly,organic,27.279406126504654,50.47121826277923,0
loam,9.996482354624,bi-weekly,chemical,20.057162365002224,60.777703176862275,1
loam,4.289272233163336,daily,none,26.55263508688845,67.39182069971133,1
sandy,9.863045105327904,bi-weekly,organic,22.184174939653808,66.36808544825948,0
loam,6.441447764337224,bi-weekly,none,31.47104453223638,62.784994781905795,1
loam,9.224520702023554,daily,none,31.413923215335586,65.52765398645217,1
sandy,8.69431290434964,bi-weekly,chemical,24.547007962448028,37.96878743348306,1
clay,7.402097565920007,bi-weekly,chemical,22.016382186700312,41.367371828469146,1
clay,8.43069525550796,weekly,none,22.25119593118189,41.55874099684234,1
sandy,9.271093367808088,weekly,none,31.11429051336436,45.08215724006796,1
sandy,6.424841929906198,daily,none,21.563589655952242,45.73282681540755,0
sandy,5.962198969379433,daily,none,19.18118747413692,51.78221298618702,1
sandy,8.005560313381508,daily,chemical,16.693766837506136,36.39519053465766,1
sandy,8.84707565164755,weekly,organic,24.333862417688167,57.64986655143957,1
clay,8.573710808659694,daily,chemical,24.64264197839684,36.70266157218026,0
clay,8.786881893151808,daily,organic,31.818174208058142,42.4123392841819,1
sandy,6.613499888877598,daily,none,19.42477392892128,50.13380522424616,1
loam,8.90700529705013,weekly,organic,22.619825473367996,61.85762246093909,1
sandy,4.72125433222365,bi-weekly,chemical,31.168114777873818,59.57876932954909,0
loam,7.266934587765097,daily,chemical,31.47247221497947,55.82137425642089,1
sandy,4.034551962988729,bi-weekly,none,22.692221519575362,36.23093042320681,0
sandy,5.947514979401622,daily,chemical,24.18248046573362,51.88181382462311,1
clay,6.198769209228387,bi-weekly,none,21.06571781698566,33.49786007199542,0
loam,6.377036149655533,weekly,chemical,33.65109756838624,45.09452707186603,0
loam,8.172803240139173,weekly,chemical,17.372875314831607,46.54066121159836,0
clay,6.331348607622075,daily,none,33.6749884600294,31.592457577830153,1
clay,6.6921617357351835,bi-weekly,organic,28.677329036706865,40.95952397879887,0
clay,5.425264785245965,weekly,chemical,25.631443053734625,68.22597869065957,0
clay,6.2395107497760405,daily,organic,15.653181215689917,68.14530431318758,0
loam,5.363617763578909,daily,chemical,24.511923836440168,44.09308217010157,0
loam,4.439175542610662,weekly,chemical,23.154962100054647,31.724004357932962,1
sandy,7.620691560288267,weekly,chemical,18.22437623950245,37.16379757312726,1
sandy,8.009276791330098,daily,chemical,28.12819207001314,45.688711737341606,1
clay,7.716942076057687,bi-weekly,organic,34.42301814736572,67.9111879187692,1
clay,6.780964262803434,bi-weekly,organic,26.243776221290503,35.647962541487395,0
clay,6.278714681075379,bi-weekly,chemical,29.295065528878915,60.54063374672849,1
sandy,9.180001897430952,daily,chemical,16.369009051320337,34.34730157498768,0
sandy,7.114490710817308,weekly,organic,23.353339916339895,69.25030309565108,1
sandy,6.875091265778385,daily,none,17.32716970328992,45.2646599643654,1
sandy,4.153852394838614,weekly,none,27.255916710730208,61.00938155596224,1
sandy,6.047486965756939,bi-weekly,organic,33.769643164283096,43.70364331244527,0
sandy,6.281173712715143,bi-weekly,chemical,28.23555464943277,55.10675508635235,1
sandy,6.392936685381403,weekly,chemical,16.53606096628843,37.68064338960147,1
clay,7.4810342153639935,weekly,none,22.093324099701658,35.840840771878504,1
clay,7.2016152803612705,daily,none,26.01326758881703,67.52256558272525,0
clay,7.647430556760668,bi-weekly,organic,23.064155122665042,66.70589111617734,1
clay,8.58929956925277,daily,none,31.672880209503447,65.49875760851529,1
sandy,8.87791443229656,daily,organic,31.293420094199785,55.017338006663735,0
loam,8.308738457358967,daily,none,27.23662040206443,62.33072844865113,0
sandy,9.733142175729608,bi-weekly,none,22.469158902654105,32.761477476455,1
loam,4.10939549605817,daily,none,20.106727475264883,43.391561675627166,1
clay,5.174667914101277,daily,chemical,17.117486364262586,42.54812499028625,1
sandy,4.045377249868853,daily,chemical,22.09795366973108,55.42581287810453,0
clay,7.884848284927618,daily,chemical,23.263450344154393,44.23831093882562,0
sandy,9.388183293699921,daily,none,28.51645850208147,35.940271265747235,0
clay,5.460893779457796,daily,organic,28.16319648595147,53.85868301654175,1
loam,9.56220726877784,bi-weekly,organic,16.402162792825138,62.57535682676326,0
loam,4.361604341737365,daily,organic,22.905186308623158,45.28493977839893,1
loam,9.606616160833086,weekly,organic,18.63557734434724,35.29074860393927,0
sandy,6.1097361234378065,daily,chemical,18.136254106336114,37.867527892512925,0
loam,4.608524970695299,daily,chemical,31.54604299474492,39.499332206775364,0
sandy,6.915230555117954,bi-weekly,none,15.838304334325152,41.99590371978145,1
loam,5.540659406323048,bi-weekly,none,23.383657518042426,55.711802820252366,1
loam,5.709237411771537,weekly,organic,18.364073115330363,54.03781938150876,1
sandy,5.84373978955772,weekly,chemical,32.58660431356948,57.843194462681566,1
sandy,8.818155386995981,bi-weekly,organic,26.140810265500704,44.50007938126053,0
loam,7.234967660051527,bi-weekly,none,19.62761272753696,62.95990607519913,1
sandy,5.867846194936022,daily,none,25.04854574332753,38.163506446230414,0
loam,7.662002699865511,bi-weekly,organic,29.629727194062315,48.761629900726156,1
sandy,8.296904045339161,weekly,none,34.162360178388674,62.037548861657214,1
clay,5.635744004401203,daily,organic,19.40892008490838,37.20634590930477,0
clay,6.481294609152109,weekly,chemical,32.723635442586904,34.39452454963132,0
clay,4.7313165600216855,daily,organic,33.686082283349805,65.34735870751959,1
clay,5.086896097208082,bi-weekly,chemical,33.32841089064132,43.71718651036784,1
clay,8.086707123789896,weekly,chemical,27.708287137238194,57.35480499636128,0
loam,5.088630086173762,daily,none,27.596413088694156,31.01394417055754,0
clay,7.1509803020023615,daily,none,23.064212663676457,57.60187553637799,0
clay,8.254277570334596,bi-weekly,none,30.04795764607576,42.64405246187882,0
clay,4.641261538568463,bi-weekly,organic,25.625880367018638,32.22963414349767,0
clay,7.403873317773421,bi-weekly,organic,28.54876142456589,54.39251046192468,1
sandy,5.539376702208182,weekly,none,23.56915807697591,39.632152642926926,1
loam,9.777561251425478,daily,organic,29.629929280862783,45.4722896820752,1
clay,6.901273880319549,bi-weekly,none,31.48943035209098,33.22323249146054,1
clay,8.835955298650948,weekly,organic,17.92872513205632,35.88653004379781,0
clay,7.301359252937571,weekly,chemical,31.65859431148456,41.91908941983375,0
loam,4.260475197128915,weekly,chemical,25.805930635806146,33.590380022406286,0
sandy,7.798908253564134,bi-weekly,none,31.893318181804485,66.43305058745261,1
loam,9.708420053239943,bi-weekly,organic,23.626034126820294,30.241881727359136,0
sandy,7.609670920877987,daily,organic,22.5808097076607,49.35440875457246,0
clay,8.915133156560742,daily,chemical,33.30121465034445,34.929898325302055,1
clay,9.305238780090447,bi-weekly,chemical,20.023385350968027,42.30716357911794,1
loam,5.368478631693595,weekly,none,31.884246505722864,67.04238239273062,1
loam,5.27226903944936,weekly,chemical,24.680411450188082,36.46778213095948,0
sandy,7.66588593310595,weekly,none,25.281908851025193,68.63329278873331,0
sandy,6.4661708188402285,daily,chemical,21.16936562978968,38.23177507957687,1
loam,9.039167817200322,weekly,chemical,26.460844012380313,59.66264433867318,1
sandy,9.400138740388067,daily,organic,21.504223925524226,51.86709059589247,0
loam,6.120528275816309,daily,chemical,15.785388284833047,65.37914910387036,1
sandy,5.421223353846893,weekly,chemical,20.43997210688712,52.15973022012524,0
loam,8.683153091463172,weekly,none,15.127580868131814,51.38236876625235,1
loam,5.648836213288817,bi-weekly,chemical,34.56709574113714,37.818320014735995,1
loam,8.935685911082071,bi-weekly,none,34.31494419639495,36.64917448206635,1
sandy,6.542429521892577,weekly,chemical,22.9031059494461,66.65956604462056,0
sandy,8.005299395748823,daily,chemical,29.567417086792922,43.11352795400136,0
sandy,4.573211883008009,daily,none,21.9161219682085,44.88329019851584,1
loam,7.743155948059438,daily,organic,28.42186314171952,60.392946337135534,0
sandy,6.710606072423374,daily,none,31.10860086091958,43.55293929691229,1
sandy,7.519650779052845,daily,none,33.935124893844815,68.0824978655601,1
loam,5.0080852464691805,bi-weekly,none,23.00424551699344,59.51711075995201,0
clay,8.421242469665092,weekly,organic,30.665959659120954,53.8971697029368,0
loam,9.176782465259372,bi-weekly,chemical,20.318569012642378,65.2358064217901,0
sandy,5.300438800544654,daily,none,34.80664607587296,31.98423633397931,0
loam,4.574287333120971,daily,none,15.515391975287024,40.28250768756835,1
clay,4.141831516278018,daily,organic,27.070576130022417,48.6014533688364,0
loam,7.851829002659596,daily,none,28.19011963302654,39.07914157886084,0
sandy,7.642564216532684,weekly,chemical,28.760911141482577,59.75620749208608,1
clay,7.28018447628442,daily,organic,17.40775157578178,66.768321242149,1
sandy,5.391682576695852,weekly,chemical,33.77059566946261,46.950804797236934,1
clay,6.345435975433088,daily,chemical,18.623665581001656,43.685304004475796,1
clay,7.566858011117038,weekly,organic,27.45506806479682,68.46202928550265,0
loam,6.980601153155016,bi-weekly,none,19.453521582461697,47.79409731310163,0
loam,9.926713121289325,daily,chemical,21.144328340425417,49.56193601797133,1
sandy,4.818638515340399,weekly,chemical,25.929170834562488,44.06599489367622,1
loam,8.170867324285563,bi-weekly,chemical,23.343868371291528,66.38193892048554,0
loam,6.425912608625753,daily,chemical,18.204512019530124,52.758219331274034,0
clay,6.569197689553689,daily,organic,18.418728048416966,60.48698348726579,0
loam,8.305586593949057,daily,organic,23.36289576325599,62.47226873403545,0
clay,8.154616907946217,weekly,chemical,30.145659565510016,43.673961676690325,0
clay,9.94753596221313,weekly,none,32.95929293695577,47.3477732528152,1
clay,4.770365736724751,bi-weekly,chemical,16.682553245187655,63.938870976250584,1
sandy,4.624657896304998,weekly,none,22.862078151188022,44.53021406703241,1
sandy,8.346032902772446,weekly,chemical,17.004911274457534,61.75740533807405,1
sandy,7.470321502038455,daily,none,15.331849612651958,67.63969290297749,0
clay,5.644963999358835,daily,chemical,28.234373652879132,54.92841492272028,1
sandy,4.47651621393392,daily,none,27.048988839331756,59.665091498075554,0
sandy,4.513949497578583,daily,chemical,18.260382276297726,62.2038924816454,0
loam,9.36514524798471,daily,chemical,19.67625666186128,63.801585955865704,0
sandy,5.151203948312458,daily,none,15.474155072890367,45.80213351427184,0
sandy,5.940229372693125,daily,organic,31.698944113888075,32.05053836703993,0
clay,5.359938413361928,bi-weekly,none,34.49381192097103,46.07505084946958,0
clay,6.129977834991624,bi-weekly,organic,17.709190735893817,56.95024919136359,0
clay,4.41654305647656,bi-weekly,chemical,19.629504275305962,48.01401543123171,1
clay,7.114358745449622,bi-weekly,none,32.36819047893868,59.95852603441594,0
clay,4.405675381553289,daily,none,33.529275959123694,44.27929717874655,1
clay,8.802139046934169,bi-weekly,none,23.39254765613621,55.38976564416118,1
sandy,5.402272491462599,daily,organic,16.01244944538148,37.456792194158986,0
clay,7.2400714876270635,bi-weekly,organic,15.787836673856388,59.974777465798276,0
clay,9.28047452536875,weekly,chemical,26.47899732138021,51.82783875252103,1
loam,7.905264214283165,bi-weekly,organic,22.85790217786358,38.16257554186402,1
sandy,7.197746719308012,bi-weekly,organic,15.57304855155309,41.67644693991229,1
sandy,5.946002518692254,daily,chemical,26.665047846251134,59.94434834327329,1
sandy,5.998011478349188,bi-weekly,none,15.22605073178045,49.30404942646083,0
clay,8.016921731189141,weekly,none,30.747439162985458,38.64125761572289,0
clay,9.964836167327006,daily,chemical,21.128656454067432,68.6908476148119,0
clay,7.971035139096272,daily,none,15.805160060184642,58.60500079267552,1
loam,7.346700504220149,bi-weekly,organic,26.767044419663065,68.28539330159185,0
clay,8.383903061435475,daily,chemical,22.953688288661095,47.08420181441373,1
loam,6.791233673702309,daily,chemical,34.47600826714299,49.00401362766882,0
sandy,4.360854055604712,daily,chemical,25.883973250074042,65.91820864740077,1
clay,7.373780895267458,daily,none,20.504783620740167,51.00197360981539,0
loam,9.74575170703228,daily,chemical,29.188777292679497,58.29115647622669,0
loam,5.051817654145958,daily,chemical,20.429840050854224,40.0869150998212,1
clay,8.140029344923995,weekly,chemical,33.0848658281513,47.86905874810562,1
sandy,5.205602131954339,bi-weekly,none,22.49443941014753,34.9379946324142,1
sandy,7.214966106838488,weekly,organic,25.997371255524104,38.23920143507847,1
sandy,4.580058697880318,daily,chemical,16.011462076484577,30.037736610705245,1
loam,6.702225617549111,daily,organic,23.522424759044615,31.57060206594641,0
loam,8.536979973371476,bi-weekly,none,31.6472707932199,69.09135292707717,1
loam,6.085429145433892,weekly,none,31.11297610726684,39.69414780547049,0
loam,7.989470346923309,bi-weekly,none,19.486371177070524,56.53242838016008,0
sandy,8.772699764738375,weekly,none,19.521581420211255,63.56398795198446,0
clay,9.563066916876716,daily,organic,31.346106244264735,52.02641836946257,0
loam,5.407852491132721,bi-weekly,chemical,33.60796840338651,36.125780003358244,0
loam,6.395895494855849,bi-weekly,none,16.907218425460073,59.124657493446655,1
sandy,4.914496079982505,daily,none,24.001172788524507,54.01005640398332,1
clay,9.954901012950252,bi-weekly,organic,21.74908557928458,59.25002357389501,0
clay,9.562005807545772,weekly,organic,32.41376910914879,60.789864914283484,0
sandy,7.239742781683358,weekly,none,16.670498293600374,69.0164147073898,1
sandy,9.052199766258529,weekly,chemical,19.22251885116075,52.9425312010684,1
clay,7.125747863632253,weekly,chemical,30.049366751729885,43.66564450762407,0
loam,7.741514128016558,daily,none,16.02587697962431,55.938582276009484,1
clay,4.5347465926960995,bi-weekly,organic,24.850707614285785,32.73762836970504,1
sandy,8.531622522980847,weekly,none,23.842140693594402,65.89589273286344,1
loam,4.766280901811409,daily,none,21.688023579774974,34.77524045352787,0
loam,8.95640578151517,bi-weekly,organic,22.891446306378477,43.11371351543273,1
sandy,8.692168526022314,bi-weekly,none,25.59881173860466,62.62981522504484,0
sandy,8.252468186457858,daily,none,18.22734716776766,53.89249513322847,0
sandy,4.216962283148573,daily,none,26.439917565671855,45.74542081109769,0
clay,5.818770135671972,weekly,organic,31.108646585999725,48.937426375000854,0
clay,5.578675419465057,bi-weekly,chemical,30.20321859580318,64.18189572808721,0
loam,6.160818444829115,bi-weekly,chemical,18.077998093875472,43.60017544239568,1
sandy,4.525856480583031,daily,organic,17.984989394829476,64.78598739248685,0
loam,9.621746938186376,bi-weekly,chemical,20.363487354898268,33.52537723906766,0
loam,7.322813444274257,weekly,none,22.221494526820745,61.07193748834523,0
loam,5.8331458639481415,bi-weekly,chemical,23.169111628169652,63.90190532218946,1
loam,6.381889102445701,daily,none,28.593944336666905,37.27270611349355,1
sandy,6.683215243029014,daily,chemical,16.13360864331671,47.21386129488802,1
loam,7.6035660001637035,weekly,organic,15.693454084521328,36.61999098654623,1
sandy,7.094076566178987,weekly,chemical,22.838211258878182,58.26416515976871,1
sandy,9.516351839286504,bi-weekly,chemical,28.94327384275961,51.41391072246627,1
clay,6.981780897434982,bi-weekly,chemical,18.868706859129652,55.41293386833284,1
sandy,9.952948088939877,daily,organic,27.830089625125034,37.85947867824844,0
clay,9.108549746470574,weekly,chemical,20.19656275880599,38.46983448209678,0
sandy,5.251063086144015,weekly,organic,32.721722176270326,31.659893020396254,1
sandy,9.583571287863498,weekly,none,32.91379888533233,42.88270140782919,0
sandy,4.698198387312857,bi-weekly,chemical,20.94574408562653,52.389786453347,0
clay,8.904698250947149,weekly,organic,19.599875079264812,64.31739655989315,1
clay,6.283739760859481,daily,organic,23.226079441324625,56.67709789834723,0
loam,9.267845922670418,daily,chemical,19.810631703602972,47.41585293599006,0
